txn_vol,accepted_txn,failed_txn,capital_granted
1676638.4,16496,1080,0
95575.0,645,300,0
94405.0,681,80,1
80246.0,71,12,1
52483.0,252,63,1
39364.0,137,42,1
35324.0,151,22,1
177009.6,800,136,1
131568.5,244,25,1
98593.5,349,31,1
16513.0,89,9,1
82344.9,608,24,1
214698.8,1255,482,1
157454.59,689,46,1
110400.0,102,8,0
42645.15,485,79,1
18719.84,47,15,1
51578.56,422,198,1
223358.64,260,40,1
1513153.24,779,213,1
84564.4,914,930,1
552992.44,481,272,0
107556.57,91,40,1
2589089.94,696,114,0
82804.0,242,128,1
352061.17000000004,99,18,0
37742.91,443,319,1
17910.0,23,8,1
307678.51,115,28,1
52656.7,530,60,1
126447.52,159,35,0
33408.0,70,17,1
76296.42,680,336,1
661959.36,6128,1424,0
51542.0,173,21,1
126758.7,334,204,1
262110.0,2015,166,1
16649.0,139,113,1
260758.5,963,89,1
63350.0,192,19,1
919422.09,3509,1554,1
82313.0,786,578,1
48170.0,128,28,1
54310.0,181,19,1
34666.9,239,23,1
52196.2,261,41,1
244275.68,112,13,1
62596.7,68,9,1
648498.0,1740,174,1
9480.0,107,32,1
13446.0,21,9,1
81688.0,359,43,1
105832.0,876,196,1
32100.0,103,4,1
6136.0,41,14,1
13931.0,18,3,1
14320.0,24,2,1
194214.0,672,66,1
74099.43000000001,618,340,1
191344.0,605,46,1
76844.0,136,34,1
60082.0,265,26,1
44945.38,411,257,1
217432.55,115,24,1
13385.0,19,7,1
94850.0,49,10,0
56245.5,181,10,1
25706.03,194,150,1
22333.0,58,1,1
27248.0,32,1,1
90628.5,406,40,1
17670.0,32,21,1
91104.0,354,154,1
38346.0,139,28,1
172336.13,223,91,1
32903.0,53,3,1
35073.92,143,16,1
59993.76,796,169,1
92582.88,783,433,1
266826.0,920,180,1
15110.0,44,28,1
138620.0,61,10,1
16461.98,67,58,1
33181.5,268,123,1
293830.0,2348,692,1
94132.1,447,44,1
44455.0,125,16,1
18740.0,89,56,1
29799.5,75,16,1
75665.0,145,20,1
24889.93,76,8,1
37540.0,117,7,1
10524.8,175,22,1
80131.35,209,29,1
32175.0,113,129,1
66392.0,253,79,1
65976.0,35,14,1
50081.5,115,19,1
19430.0,108,16,1
144136.0,1290,356,1
183921.9,2989,1263,1
79800.0,108,8,1
51546.0,156,8,0
99824.43,272,57,1
139466.0,4199,443,1
67192.0,495,173,0
62320.0,162,117,1
72852.0,55,15,1
186567.62,168,16,1
118432.2,137,21,1
66439.0,307,58,1
274027.05,444,29,1
71825.3,277,56,1
23608.0,222,38,1
66800.0,89,21,1
1236570.0,771,165,0
39500.0,225,39,1
271311.75,267,48,0
307590.95,1933,260,1
83151.0,142,18,1
239220.0,6707,1109,1
30805.0,52,11,1
20161.0,66,18,1
206208.04,796,346,1
24875.5,761,82,1
84113.33,110,7,0
272284.0,86,30,1
68033.35,110,5,1
31737.0,81,13,1
52745.58,485,63,0
341475.92000000004,1037,145,1
36351.0,321,42,1
319813.2,850,246,1
61905.0,654,95,1
19200.0,48,13,1
12172.0,119,84,1
408995.93000000005,1831,379,1
24421.0,100,6,1
29746.47,188,98,1
444563.0,383,84,1
72043.0,195,54,1
30800.0,94,11,1
13309.99,36,5,1
14665.0,50,8,1
272684.84,679,83,0
69472.0,414,236,1
973877.28,3714,418,1
552150.0,1101,42,0
81935.0,246,48,1
181657.0,1110,316,1
509907.6,3018,942,1
15375.0,35,15,1
67073.5,239,17,1
15325.0,60,6,1
124591.0,237,52,1
128008.0,1071,330,1
89616.9,1537,306,1
1985800.0,404,142,0
74890.0,208,20,0
26435.0,472,112,1
101726.22,120,28,1
159483.77,432,133,1
66786.0,215,15,1
38380.0,67,12,1
26347.0,92,10,1
95126.0,134,40,1
66563.0,207,15,1
356753.5,1317,258,1
96405.0,136,29,1
36105.0,93,9,1
28456.0,97,40,1
21455.0,59,20,1
63700.0,32,14,1
72265.3,189,47,1
103137.0,435,69,1
48810.0,78,17,1
81261.0,421,222,1
92581.4,57,28,1
227758.5,1834,627,1
36881.05,163,61,1
20014.0,154,86,0
12905.0,43,5,1
30232.0,69,19,1
315026.0,3230,1050,1
20832.0,74,19,1
48365.95,369,86,1
82939.29000000001,805,434,0
23386.0,48,14,1
11400.0,88,27,1
139082.5,757,74,1
20367.0,96,27,1
54615.33,175,34,1
210838.15,898,225,1
16595.129999999997,148,27,1
135578.0,1014,409,1
439774.50000000006,2056,200,1
111760.5,2136,311,1
32911.1,208,44,1
66270.0,141,38,1
792965.7999999999,2865,221,1
32515.0,303,117,1
29616.5,246,36,1
1330447.0,1116,240,1
4980.0,75,17,1
46568.0,267,92,1
236085.69,958,152,1
149091.0,1052,396,1
51900.0,27,5,1
65370.0,505,22,1
32680.0,45,13,1
39175.0,80,20,1
40328.0,56,89,1
358036.13,2558,885,1
91838.48,114,37,1
185826.88,1403,359,1
7495.0,24,7,1
75036.0,794,55,1
39261.0,296,74,1
173525.4,358,43,1
33884.07,35,11,1
275080.0,515,83,0
32984.46,83,11,1
160513.66999999998,75,16,1
1142296.0,550,68,1
35633.72,152,13,1
17730.0,78,1,1
90200.0,90,51,1
184444.0,17,7,1
32285.0,86,6,1
13458.0,109,48,1
13279.5,129,49,1
100305.0,861,43,1
9319.0,104,54,1
78185.54,376,64,0
272626.0,1107,146,1
141447.0,1224,180,1
21511.800000000003,51,6,0
214590.0,571,56,1
50336.0,112,14,0
11831.7,52,10,1
30694.0,197,197,1
32440.0,54,37,1
11178.0,97,28,1
126152.0,344,59,1
60266.35999999999,329,39,1
54924.71,502,326,1
37932.0,39,14,1
13760.0,27,13,1
29373.0,86,26,1
527727.0,5334,457,1
59868.55,623,100,1
32275.0,79,13,1
124778.5,284,43,0
101758.0,324,16,1
37680.0,299,47,1
464742.04,3124,3374,1
111958.0,803,463,1
905057.8,1786,408,0
156461.0,111,25,1
515755.9,2065,225,1
51710.0,583,51,1
10198.0,43,1,1
258276.5,662,216,1
12150.0,76,33,1
9913.0,67,35,1
691582.2,1152,117,1
85861.0,597,206,1
237173.25,780,183,0
41958.0,915,167,1
39426.0,294,143,1
31050.0,49,1,1
54010.0,442,58,1
51210.0,34,4,1
14420.0,43,7,1
31348.0,281,158,1
32940.0,72,32,1
20069.6,248,51,1
54947.0,713,227,1
10434.2,102,48,1
57159.0,477,249,1
15290.0,34,12,1
47354.0,342,371,1
88588.0,206,16,1
39580.0,82,24,1
635033.98,221,67,1
61556.87,1008,279,1
25867.0,450,32,1
14661.46,208,108,1
212106.0,1136,64,1
41278.0,322,156,1
102645.0,27,6,1
39960.9,287,72,1
206690.0,537,49,1
102041.32,100,14,1
117788.1,829,372,1
35970.0,253,56,1
36516.56,480,107,1
127337.99,96,21,0
109788.0,324,49,0
16075.0,32,26,1
568203.0,3195,150,0
10005.0,63,73,1
15050.0,42,6,0
78174.6,1042,171,1
114410.0,981,102,1
39135.0,110,6,1
39799.55,141,16,1
11711.5,108,27,1
79310.0,178,48,1
10310.0,36,4,1
138810.0,77,9,1
35935.29,331,139,1
111393.9,1506,677,1
1060081.07,2752,462,0
41559.0,82,16,1
65155.0,202,28,1
13813.0,204,43,1
130193.0,36,34,1
514932.0,760,128,1
27209.0,128,25,1
44922.05,43,23,1
984151.0,3301,585,0
29856.0,124,49,1
11889.0,104,28,0
78998.75,848,105,1
148694.0,585,49,1
71261.85,135,27,0
18695.0,47,9,1
23675.5,271,65,1
22790.0,52,6,1
35480.0,219,77,1
17460.0,229,62,1
57875.0,85,9,1
66144.02,691,245,1
296501.43,53,9,1
150200.0,1063,143,1
28193.0,81,8,1
15680.0,89,43,1
8377.68,57,11,1
388966.47,1709,250,1
42515.0,102,9,1
182556.73,879,67,1
26507.0,378,83,1
177789.0,460,221,1
114726.5,281,35,1
62915.0,111,19,1
47602.0,286,217,1
1393070.0,1384,466,1
43495.19,311,167,1
28079.5,364,97,1
59952.5,234,43,0
111022.56,139,18,1
45349.99,94,73,1
16330.0,17,0,1
556335.0,212,99,1
1707206.4,16584,1152,0
35362.0,99,34,1
163271.0,498,54,1
39732.0,168,28,1
75778.0,266,46,1
1405768.5,1200,472,1
79107.82,1051,80,0
10797.5,153,135,1
227948.0,88,20,1
66871.73,90,7,1
30935.0,197,92,1
19633.0,127,19,1
32630.0,60,0,1
270134.0,2840,413,1
18983.5,66,11,1
24725.050000000003,22,1,1
32717.0,181,84,0
23378.51,86,8,1
210484.53,465,77,1
21071.0,119,61,1
471673.5,1800,332,1
37220.0,84,19,1
71873.17,1068,116,1
32176.5,250,106,1
47639.0,296,126,0
604075.0,1071,142,1
120855.0,1009,132,1
762577.95,2605,490,0
90472.0,1380,222,1
505963.9,2075,538,1
53597.5,221,30,1
32630.0,288,136,1
2180481.55,5129,941,1
40675.0,244,15,1
127051.0,707,211,1
26860.0,55,8,1
353257.4,3244,182,1
143515.0,1073,150,1
46270.5,49,29,1
485562.2,1887,451,1
56925.5,136,19,1
33913.1,40,37,1
144702.0,1219,134,1
27702.0,18,3,1
73074.8,704,414,1
52764.7,690,241,0
244953.7,863,46,1
81000.0,106,20,1
34700.0,80,17,1
20054.0,83,20,1
33201.24,368,247,1
33216.100000000006,209,24,1
262820.0,197,31,0
133975.0,394,91,1
50390.0,61,38,1
200395.36,391,29,1
186310.00000000003,1594,213,0
56227.3,364,79,1
105724.5,586,91,1
90472.0,1380,222,1
32394.0,170,102,1
296728.0,924,138,0
41654.59,127,19,1
82615.0,54,2,1
140076.0,1382,548,1
17880.0,55,8,1
79866.0,190,46,0
998233.88,4951,456,1
191857.8,1292,226,0
13940.0,41,13,0
64920.0,76,56,1
145628.0,296,55,1
58444.0,135,34,1
48146.6,230,14,1
377507.50000000006,2314,260,1
134604.5,606,44,1
66312.0,355,64,1
33380.0,101,49,0
49227.0,282,67,1
15433.0,50,20,1
336890.0,514,62,1
438950.53,515,105,1
71174.0,701,42,1
22870.0,231,124,1
388013.2,3104,1162,1
111129.9,276,70,1
14850.0,42,2,0
107505.0,188,33,1
56926.0,588,336,1
128888.88,1054,954,1
22070.0,27,8,1
20945.0,160,162,1
26625.0,80,15,1
77986.0,722,204,1
14250.0,125,44,1
230914.7,1458,774,0
147083.0,434,48,1
45210.3,312,56,1
27890.0,111,16,1
1263099.5,1476,169,1
58526.36000000001,444,39,1
84038.0,235,53,0
54165.5,102,23,1
82480.0,228,38,1
62320.0,151,16,1
52220.0,342,39,1
49551.60999999999,349,44,1
102619.4,1014,354,1
43448.0,98,46,1
21585.0,279,22,1
44920.0,52,74,1
195015.0,90,30,1
77520.0,546,117,0
39241.71,1151,299,1
26537.5,56,0,1
38700.0,18,2,1
277536.0,486,124,1
765500.56,7304,1824,0
224131.11,1288,320,1
47390.0,109,14,1
113611.0,139,7,1
7695.0,48,24,1
42974.0,57,13,1
828562.0,5443,1347,1
9298.0,88,46,1
62662.40000000001,280,43,1
22280.0,79,8,1
67176.5,162,35,1
196260.95,740,60,0
943342.99,4418,550,1
52647.22,162,31,1
493743.93,49,22,1
61994.99,87,26,1
206864.0,280,50,1
120190.16,1158,473,1
35820.0,136,9,1
278030.0,732,236,1
74580.0,47,5,1
57250.0,144,19,1
947077.2,3524,1290,1
81803.0,72,15,1
444182.06,4756,2610,1
34030.0,337,165,1
1301383.55,6115,4510,0
14630.0,65,2,1
15512.5,42,5,1
71937.0,376,103,1
323477.0,1597,448,1
90183.0,260,36,1
62838.22,215,29,1
31346.0,191,74,1
71500.5,88,9,1
327956.27,3714,520,1
72203.82,733,192,0
21654.7,80,21,1
33642.5,51,7,1
137869.0,871,407,1
36280.0,67,9,1
55979.0,940,178,0
14725.0,86,6,1
29746.0,98,20,1
30511.6,127,13,1
31570.0,98,7,1
34023.38,232,29,1
35455.0,159,14,1
903564.12,4262,434,0
194246.59,1666,200,1
93394.0,832,104,1
10309.5,134,47,1
11860.08,217,69,1
33173.0,177,10,1
1176395.3000000005,3794,468,0
20038.1,112,35,1
868309.1,1706,140,0
21215.0,111,64,1
107520.37,650,314,1
155133.5,1105,301,1
95952.0,32,16,1
391700.0,1709,239,1
26465.0,107,86,0
841277.44,156,34,1
18110.0,171,17,1
56527.0,63,5,1
45593.0,77,13,1
28500.0,115,13,1
655912.54,7428,1040,0
177943.0,426,86,1
111617.5,883,250,0
91145.0,160,16,1
1178955.0,508,77,0
294519.0,2200,953,1
21233.0,46,2,0
131852.0,518,68,1
73925.0,77,15,1
126054.0,223,114,1
15043.0,45,30,1
37270.5,81,1,1
14844.0,32,1,1
50360.0,117,26,1
60450.0,152,14,1
58023.5,567,58,1
38120.0,441,52,1
187970.0,1284,168,1
293710.15,1045,97,1
52256.5,465,256,1
123607.57,169,26,1
39084.5,136,13,1
13860.0,79,6,0
19246.0,133,28,1
72203.82,733,192,1
312559.5,719,102,0
42482.8,191,62,1
26973.0,77,21,1
905057.8,1786,408,0
614351.75,745,227,1
195958.7,2672,260,1
28875.950000000004,168,72,1
42911.0,108,33,1
44200.59999999999,175,26,1
46125.0,181,18,1
21735.0,43,17,0
31630.0,162,64,1
169254.75,197,38,0
346185.0,1331,423,1
195799.0,1213,240,1
1114541.78,8541,3140,1
831548.5,3006,389,1
50713.0,64,28,1
509081.6,693,73,1
20245.0,100,7,1
80304.0,1186,272,1
12861.5,561,172,1
37764.0,458,208,1
20640.0,64,29,1
186744.0,188,43,0
18460.0,288,31,1
336568.85,1104,446,1
13101.0,87,56,1
19192.0,172,43,1
553127.0,1546,386,1
71745.0,309,103,0
28410.0,81,17,1
27085.0,141,31,1
88038.78,770,246,1
90230.0,718,106,1
2455888.0,3420,385,0
108077.0,422,53,1
12012.0,41,19,1
266963.48000000004,1232,222,1
34522.6,87,8,1
15234.0,194,90,1
308209.85,316,39,1
43403.0,159,28,1
97407.7,1450,207,1
11722.0,62,17,1
618684.23,3589,1123,1
59069.3,205,37,1
336709.32,1572,901,1
363760.84,462,189,0
119763.0,380,74,1
191286.0,306,36,0
762577.95,2605,490,0
40782.5,77,6,1
28585.0,296,112,1
135436.0,821,465,1
2455888.0,3420,385,0
318559.0,850,105,1
320741.0,1859,955,1
75731.85,141,27,1
23928.0,85,19,1
49071.0,62,12,1
25809.03,216,186,1
463010.0,173,51,1
48300.0,31,5,1
314635.98,90,21,1
142411.0,442,331,1
62630.0,118,29,1
42203.0,82,10,1
118870.0,148,10,1
26360.0,58,12,1
38404.0,361,118,1
121190.0,281,29,1
47722.7,311,156,0
539276.5,400,110,1
43792.5,751,248,1
52364.0,180,31,1
81624.0,294,64,1
224770.0,1158,115,1
77316.0,400,74,0
35969.0,201,56,1
36145.0,226,63,1
35423.0,445,268,1
19259.02,48,8,1
34707.100000000006,24,4,1
72630.0,101,10,1
48025.0,449,78,1
62708.5,197,24,1
55222.21000000001,228,88,1
20395.5,734,182,1
39982.0,49,1,1
701155.7899999999,3037,252,1
131310.0,124,40,1
287122.0,330,46,1
26476.5,66,13,1
19296.5,44,16,1
90636.0,149,15,1
135435.5,253,5,1
399427.5,2405,458,1
37220.0,63,3,1
94788.5,124,36,1
88645.0,201,39,1
111023.21,871,99,1
28285.23,171,75,1
81756.59,39,3,1
75176.0,108,23,1
30400.0,44,18,1
21638.0,111,22,1
35215.0,87,16,1
101549.0,144,23,1
37338.32,304,94,1
31565.0,48,4,1
13490.0,227,21,1
65737.81,1509,278,0
56049.5,317,81,1
28884.74,188,54,0
85327.0,1692,248,1
33794.0,213,51,1
30745.0,270,72,1
101006.0,69,47,1
94920.0,232,14,1
53540.0,187,10,1
64450.0,444,43,1
158892.5,88,17,0
305087.0,1683,113,1
2478965.3599999994,3833,527,1
263848.0,1370,572,1
78840.0,571,36,1
63213.82,2081,398,1
114697.99,114,10,1
56587.1,184,14,1
69860.0,46,9,1
103083.0,219,15,1
19550.99,73,40,1
32800.0,69,5,1
221761.63000000003,1680,231,1
12380.0,64,3,1
2511.0,7,4,1
97490.0,365,45,1
16149.0,198,64,1
14308.52,128,74,1
86154.0,312,48,1
39295.0,781,88,1
77870.76999999997,712,280,1
280052.6,2524,1078,0
27089.0,375,20,1
120895.75,957,361,1
13374.85,33,5,0
45885.0,180,14,1
227756.0,161,55,1
132198.0,453,87,0
72141.9,433,51,1
572669.25,1902,176,1
29932.0,174,63,0
276259.9,449,25,1
13773.0,42,0,1
91777.6,330,60,1
54362.43,94,9,1
96501.5,255,30,1
10748.02,96,57,1
516608.6,112,10,1
57103.0,178,6,1
76367.06,1680,343,1
63295.0,413,115,1
123850.0,180,43,0
29041.2,65,17,1
47841.0,177,21,1
145700.0,392,158,1
50578.5,147,14,1
44109.0,384,42,0
350641.15,2054,879,1
255277.0,2609,850,1
126524.6,1054,466,1
37828.0,60,28,1
30069.0,113,36,0
72762.65,141,108,1
234621.47,2464,1012,1
105051.5,773,515,1
10015.0,123,11,1
214660.0,148,46,1
71029.0,43,1,1
261845.5,1137,205,1
168923.3,1051,86,1
12639.25,59,13,1
113547.08,925,403,1
177545.36000000002,630,40,1
24367.5,426,198,1
56171.2,112,12,1
22805.2,572,245,1
619176.5,329,81,1
117339.99,45,8,1
117032.0,50,28,1
20766.0,66,9,1
81130.0,590,58,1
24860.95,42,14,1
66360.92000000001,330,89,1
56587.1,184,14,1
215175.8,2108,143,1
41210.0,62,23,1
35980.0,148,44,1
843883.65,1886,478,1
38543.0,90,31,1
46105.0,85,4,1
1669310.4,16368,1048,0
43570.0,41,10,1
92595.0,550,65,1
216717.68,90,14,1
33545.0,199,83,1
43159.0,210,32,1
30069.0,113,36,1
159750.0,205,87,1
42872.0,103,24,1
87282.0,194,80,1
15021.0,248,117,1
313110.0,378,24,0
28760.0,56,15,1
95406.0,397,102,1
136015.0,256,73,1
43923.5,100,39,1
42035.0,124,15,1
69190.02,353,91,1
31425.28,444,120,1
22840.0,76,4,1
16185.0,29,0,1
234177.0,274,36,1
79639.0,610,365,1
300782.55,1473,146,1
90129.35,718,214,1
173032.0,70,4,1
65064.0,764,166,1
198057.98,542,64,1
43398.0,370,340,1
89814.0,214,64,1
56090.0,517,61,1
52601.0,146,65,0
131928.78999999998,637,177,1
9417.0,72,53,1
38952.0,95,14,0
12215.5,143,24,1
22237.25,560,109,1
77095.98999999999,113,34,1
26700.0,111,8,1
96218.5,243,34,1
659949.98,137,73,1
154070.0,148,36,1
15045.0,53,17,1
451923.9,893,203,1
28930.0,381,101,1
24720.2,169,20,1
232630.0,423,72,0
57275.0,46,20,1
227649.0,746,100,1
142990.0,192,68,1
31088.5,414,245,1
122100.08,105,44,1
70589.21,290,87,1
51786.93,123,17,1
105500.0,114,18,1
41007.0,228,60,1
1167131.3,3768,468,0
112176.55,584,70,1
19488.0,89,5,1
24140.0,61,2,1
23312.9,137,19,1
10860.0,41,3,1
23571.0,63,8,1
47884.5,249,42,1
58059.0,136,36,1
49350.0,144,12,1
101035.31,316,33,1
64360.35,29,0,1
102560.0,95,19,1
405718.5,330,44,0
26928.2,811,221,1
10197.0,41,5,1
256947.0,1548,796,1
81709.75,266,64,1
80890.0,122,25,1
445120.18000000005,1178,202,1
197500.9,506,102,1
50245.25,111,12,1
25096.0,56,17,1
66503.81,1507,278,1
105046.0,86,12,1
20770.0,61,9,1
27428.0,69,8,1
17248.7,120,19,1
101800.0,157,36,1
2404769.94,684,114,0
39887.0,333,147,1
280019.64,1859,194,1
242930.0,66,7,1
46397.4,74,24,1
65498.32,182,38,1
45128.0,347,173,1
66444.0,875,238,1
62846.0,535,85,1
14941.64,138,16,1
28858.2,306,242,1
32363.0,26,6,1
13674.85,34,5,1
732771.0,324,30,1
679449.8,2939,280,1
1292950.2999999998,5006,1354,0
656986.64,5736,3272,0
82105.0,264,64,1
68485.0,105,17,1
15885.5,44,6,1
1803503.7,12096,3992,1
12145.0,18,2,1
178437.0,113,46,1
20696.0,200,251,1
208384.9,120,10,1
28521.0,45,4,1
265071.95,240,67,1
41119.99,38,12,1
22634.0,80,28,1
26264.0,25,2,1
230860.0,1765,151,1
306236.0,1096,1144,1
118952.02,431,98,1
7797.0,77,35,1
512894.16,3920,1676,1
10434.2,102,48,0
11171.04,79,33,1
29000.0,103,41,1
15172.0,86,27,1
331162.48,1370,232,1
36683.1,424,201,1
26220.0,132,63,0
34844.11,74,8,0
104572.44,916,205,1
192991.82,763,178,1
1024413.2,6056,1882,0
124682.0,178,29,1
21420.0,17,3,1
168450.0,2536,349,1
52810.0,136,18,1
68648.0,509,49,1
124800.0,400,93,1
33700.0,48,13,1
186000.0,457,106,1
67158.5,461,237,1
372723.05,4020,665,1
525372.29,252,83,1
26647.0,44,12,1
16493.0,115,101,1
573087.27,1967,400,1
40952.0,404,178,1
28869.0,231,85,1
136662.41,105,18,1
69437.0,473,204,1
56313.05999999999,308,52,1
34604.0,212,107,1
44910.0,85,7,1
11870.0,62,3,1
188579.83,1552,186,1
165727.0,817,203,1
147860.0,489,31,0
28967.0,379,197,1
642945.15,2483,677,1
40970.0,40,9,1
363527.0,580,230,0
75202.37,16,21,1
306236.0,1096,1144,1
34382.0,119,17,0
39682.4,241,46,1
26011.0,94,13,1
13878.11,84,43,1
122316.08,21,6,1
13598.0,47,14,1
49030.0,189,57,1
75699.82999999999,262,33,1
49738.0,166,12,1
100475.0,194,28,0
28025.0,20,14,1
451914.99,121,23,1
404860.0,214,36,1
30185.08,262,130,1
28420.0,87,1,1
209933.0,362,71,1
39310.0,523,68,1
23990.0,194,57,1
17062.61,166,24,1
34475.5,33,4,1
400274.85,870,227,1
24680.0,140,26,0
308400.0,2124,278,0
122527.0,182,32,1
21175.0,78,14,1
116541.3,59,6,1
141382.5,1311,289,1
75792.76000000001,318,40,1
54082.0,176,42,1
114920.0,169,48,1
30676.8,106,32,0
117994.8,930,180,1
289258.09,6859,1382,1
81355.0,172,41,1
89038.0,457,145,0
36998.0,344,37,1
80783.5,416,536,0
208179.28000000003,3746,220,0
93939.0,389,60,1
32720.0,86,8,1
2426369.94,690,114,0
77026.0,244,63,1
11690.0,21,8,1
35425.0,27,6,1
309100.37,381,71,1
40090.0,116,25,1
21805.0,264,42,1
272284.0,86,30,1
477169.29999999993,1508,210,1
197381.5,633,122,1
1319898.55,6240,4540,0
65064.0,764,166,1
223778.0,1434,726,1
9568.05,140,47,1
715130.0,5626,390,1
68530.0,52,84,1
52769.0,167,24,1
156624.66999999998,1548,729,1
136931.2,1054,144,1
28871.3,112,65,1
125326.0,1333,457,1
78167.5,956,95,1
297293.36,588,123,1
31765.0,66,10,1
15711.4,52,8,1
274492.5,501,60,1
18636.0,95,58,1
213647.64,640,170,1
36508.0,72,22,1
1683126.4,16568,1072,0
348126.12,2546,561,1
78467.0,95,22,1
31458.8,133,18,1
357117.62,380,21,0
78602.0,114,26,1
25400.0,200,74,1
84575.31999999999,72,8,1
49830.0,58,17,1
62062.15,691,92,1
21377.0,157,45,1
130275.0,729,449,1
102345.11,1778,364,1
45818.61,103,8,1
59400.0,105,29,1
50342.2,251,19,1
19500.0,15,2,1
524504.3,337,57,1
139645.2,45,3,1
1713444.0,825,102,0
2608857.04,7654,1084,1
176764.0,766,110,1
109124.0,811,159,1
38909.0,97,17,1
331840.0,626,36,0
209870.0,1074,304,0
106028.0,367,32,1
85829.0,771,296,1
363426.08,1633,119,1
18125.0,156,58,1
217258.4,667,168,1
67307.0,272,94,1
52750.0,52,20,1
3968077.0,14325,1110,0
27770.0,106,4,1
38033.5,38,4,1
40181.58,326,158,1
145404.5,2581,271,1
11575.0,38,5,1
134681.02,165,35,1
26125.0,86,8,1
318580.0,310,99,1
33360.0,152,18,0
356706.12,974,217,1
13705.0,54,8,1
11734.5,108,50,1
49649.0,157,27,1
215386.0,418,75,1
102317.66,812,923,1
1292950.2999999998,5006,1354,0
167687.24,2588,593,1
688614.8099999999,19905,2326,1
16244.98,18,1,1
248016.0,1164,344,1
88909.0,313,47,1
156458.83000000002,1336,509,1
12850.0,42,4,1
12164.1,146,43,1
22709.12,188,44,1
0.0,0,0,1
123741.05,318,63,1
176576.67,230,286,1
79360.0,140,43,1
777634.0,1339,243,1
33517.5,55,9,1
36087.92,187,9,0
58477.0,189,25,1
94112.0,860,262,1
142877.0,1959,372,1
47639.0,296,126,1
67080.0,748,260,1
118080.0,811,57,1
222267.0,567,50,1
74774.0,509,140,0
142785.0,427,129,1
22042.0,30,4,1
288760.0,446,80,1
85254.0,168,25,1
12760.0,105,34,1
51725.0,384,36,1
121418.0,518,153,1
47270.0,86,23,1
12866.5,30,2,1
93086.83,192,41,1
69695.0,212,18,1
111148.5,456,58,1
13112.0,162,32,1
85315.5,115,32,0
72434.2,510,58,1
9705.0,62,42,1
25988.54,258,224,1
279199.0,418,92,1
296426.0,912,150,0
21012.0,54,8,1
659493.0,3559,557,1
92580.0,41,25,0
314076.3,598,117,1
163765.0,75,24,1
2589089.94,696,114,0
434435.0,205,98,1
57089.72,619,588,1
43149.6,257,21,1
10026.0,25,5,1
67192.0,495,173,1
80592.0,576,232,1
32385.0,71,4,1
156905.0,192,12,1
44997.0,281,74,1
148198.0,523,285,1
19837.0,50,11,1
26778.0,72,10,1
44267.0,51,7,1
25150.0,224,62,1
36059.0,403,100,0
60870.0,358,53,1
12020.0,164,43,1
122231.0,866,77,1
16845.0,134,46,1
43135.0,101,10,1
69285.0,106,23,1
21482.99,74,31,1
1174398.07,5047,478,1
31240.0,73,20,1
522976.6,1826,200,1
449378.0,1383,170,1
44549.0,152,70,1
49196.0,191,29,0
56969.0,586,339,0
60138.5,144,47,1
30538.0,172,33,1
29450.0,106,6,1
68268.0,160,20,1
76640.0,100,26,1
76629.5,289,64,0
20676.0,25,7,1
108968.14,829,105,1
76519.0,115,3,1
33980.0,19,9,1
314349.95,481,64,1
65876.5,345,47,1
222025.0,214,79,1
23826.0,54,22,1
41557.19,276,68,1
53973.600000000006,345,68,1
469720.65,1114,159,1
69470.5,1416,129,1
268345.69,1339,273,1
366352.64,1317,125,1
514932.0,760,128,1
88880.0,312,50,1
185324.5,2296,416,1
48120.0,213,48,1
73455.15,291,38,1
47251.0,251,67,1
114652.99,64,15,1
54205.0,201,26,1
25537.0,87,26,1
367908.0,710,110,1
47424.880000000005,577,423,1
12516.65,122,15,1
21538.0,128,99,0
44406.600000000006,242,92,1
45407.08,154,17,1
75747.0,100,22,1
564630.0,1138,70,0
14240.0,26,6,0
42770.0,54,15,1
69711.0,174,45,1
159006.5,75,31,1
36014.0,54,30,1
37748.5,497,65,1
60603.07,444,51,1
89038.75,1170,81,1
14486.0,97,89,0
34497.09,64,14,1
71176.0,113,24,1
36946.0,218,78,1
304405.64,120,46,1
552150.0,1101,42,0
191286.0,306,36,0
44780.0,26,2,1
81257.0,341,27,1
178536.5,791,208,1
63625.0,101,6,1
77470.0,65,16,1
91796.0,1341,237,1
23777.5,125,14,1
54738.0,238,35,1
79062.5,717,543,1
27633.8,86,35,1
84428.97,573,283,1
25500.0,83,20,1
17925.0,16,4,1
123800.0,80,16,1
1319603.0,4549,698,1
20140.1,194,110,1
114692.22,40,23,1
124830.3,36,7,1
125915.0,206,18,1
15665.88,103,61,1
15472.0,50,35,1
262820.0,197,31,1
183093.5,374,54,1
50735.5,97,15,1
32745.0,204,103,1
40741.0,129,40,1
633344.31,18170,2770,1
107083.17,319,117,1
38107.0,202,54,1
79542.0,144,12,1
585316.94,380,162,1
177323.8,1464,375,1
143813.0,1804,300,1
184463.68,1155,684,1
57383.5,366,73,1
67755.0,225,107,1
68186.6,510,115,0
168432.09999999998,691,122,1
735333.0,1455,210,0
33100.0,80,13,1
61368.5,503,62,1
176836.0,322,25,1
164691.44,1348,832,1
270300.67000000004,964,57,0
253446.68,1408,320,1
169830.47,423,46,1
70774.0,1059,206,1
36234.13999999999,278,137,1
797.0,5,3,1
91669.05,1239,531,1
32484.49,151,32,1
120241.0,154,36,1
45597.0,119,6,1
235194.89,1200,547,1
142990.0,192,68,1
211969.0,970,476,1
60763.85,89,11,1
66400.0,171,11,1
148363.0,1284,178,1
34059.0,92,11,1
94427.29,478,72,1
271380.0,1497,470,1
18000.0,27,0,1
18315.0,43,8,1
58255.5,145,27,1
260038.0,1968,326,1
120682.0,313,24,1
65231.0,204,36,1
56365.08,36,7,1
368012.0,1094,210,1
104896.23,439,34,0
14020.0,46,2,1
150945.0,204,45,1
44425.0,249,91,1
154702.0,233,27,1
134209.0,253,40,1
402637.55,136,20,1
59027.0,354,56,1
69285.0,106,23,0
76420.0,648,84,1
90627.18,2179,617,1
247528.36,318,43,1
65121.0,130,32,1
104637.0,80,17,1
30090.0,36,9,1
53722.0,202,29,1
156951.0,987,76,1
35766.0,82,46,1
1350037.0,455,62,1
105162.5,59,3,1
164749.69999999998,1438,333,1
59213.0,75,38,1
55503.61,432,169,1
60340.0,42,9,1
25075.0,70,9,1
154157.99,520,128,0
36780.0,102,10,1
24712.0,14,2,1
62955.0,593,136,1
10321.5,39,3,1
53556.420000000006,617,61,1
24625.0,70,5,1
26754.0,55,6,1
19992.0,282,25,1
180436.88,884,128,1
59130.0,201,58,1
25210.0,75,24,1
23008.81,28,1,1
37300.0,55,8,1
154919.0,362,132,1
48599.75,101,32,1
77025.05,56,12,1
24220.0,152,17,1
80466.0,309,81,0
178442.8,188,19,1
107720.0,94,24,1
61900.0,25,0,1
114738.0,276,63,1
56080.2,373,27,1
38642.0,24,11,1
66650.0,382,191,1
54726.2,423,274,1
176092.84,1026,91,1
29852.0,167,32,0
193757.18,579,153,1
72101.05,353,125,1
140026.3,1262,539,1
460057.98,1038,90,1
138323.0,278,17,1
76022.0,661,157,1
39340.0,18,2,1
34192.98,28,0,1
59045.0,167,14,1
737862.2100000001,4687,620,1
55885.0,82,29,1
1280.0,4,0,1
35180.0,67,15,1
277261.14,98,14,1
191286.0,306,36,0
133640.0,67,16,1
24006.5,144,9,0
61824.0,90,16,1
22805.0,328,41,1
14335.0,39,15,1
37712.0,41,4,1
165936.0,817,272,1
18150.0,44,30,1
42919.55,369,50,1
75430.0,48,5,0
107690.0,250,25,1
91145.0,160,16,1
12670.0,231,57,1
29347.220000000005,95,42,1
256386.2,433,128,1
93135.16,1364,142,1
127334.18,337,69,1
181081.11,426,39,1
67939.0,45,19,1
26760.0,122,59,1
81890.0,112,18,1
39707.0,109,9,1
37328.380000000005,182,32,1
115935.0,829,317,1
20687.4,93,17,1
17295.0,121,20,1
132574.4,1242,341,1
108624.9,951,319,1
141691.0,686,314,1
86712.0,49,0,1
29152.5,477,67,1
198057.98,542,64,1
432069.37,1891,227,1
91544.15,134,25,1
786790.3,868,407,1
92422.3,1440,230,1
37105.0,73,32,1
940976.45,2544,561,1
980992.85,3652,461,1
361524.5,525,114,0
50725.5,136,58,0
81890.0,112,18,1
31732.0,162,49,1
404860.0,214,36,1
84086.8,201,57,0
39226.0,802,127,1
216717.68,90,14,0
231714.12,2047,257,1
9760.3,139,36,1
588197.6500000001,1897,234,1
231045.3,2590,502,0
89278.0,345,153,0
112803.28,1213,430,1
68141.40000000001,14,14,1
15300.0,36,8,1
229235.79,495,110,1
54829.99,240,28,1
197534.5,281,22,1
11196.48,576,150,1
122042.0,801,359,1
39340.0,38,15,1
46686.7,312,78,1
159411.02000000002,600,284,1
26435.0,79,23,0
8940.0,33,7,1
130084.22,222,39,1
74642.5,175,8,1
272055.0,305,26,1
58620.0,154,44,1
2300384.31,5892,702,1
118423.61,3530,1535,1
40797.0,872,232,1
130448.82,835,97,1
199699.0,1518,218,1
58355.5,594,66,1
46596.32,69,8,1
111618.77,56,25,1
301092.0,233,38,0
47190.0,134,21,1
130633.7,593,45,1
331509.0,1381,2517,1
30015.2,174,55,0
203959.0,474,81,1
52828.0,175,12,1
778483.0,12,9,1
205180.0,961,178,1
64971.0,525,51,0
129435.0,222,18,0
33019.130000000005,258,148,1
119875.75,1061,104,1
420799.0,310,72,1
23125.86,70,23,1
186254.0,185,40,1
56295.0,195,21,1
320216.08,1721,547,1
34444.0,64,35,1
96485.0,208,72,1
334758.88,113,12,1
42751.0,114,22,1
22405.0,222,90,1
171174.0,121,39,1
14100.0,38,2,1
161935.0,355,23,1
68920.0,125,12,0
112120.0,104,8,0
185906.0,308,89,1
138800.0,75,11,1
34180.0,125,39,1
70414.5,564,51,0
27230.0,81,28,1
286781.52,1838,583,1
58522.5,226,47,1
28920.0,55,12,1
17435.9,35,25,1
62523.81,353,251,1
168362.93,70,10,0
25985.0,28,11,1
115750.0,791,216,1
239487.39,737,99,0
65366.0,615,472,1
28676.0,290,85,1
40701.4,84,16,1
388542.35,1050,139,1
144594.0,1088,250,1
21944.210000000003,165,35,1
248321.0,1843,690,1
242053.14,117,20,1
36930.0,369,29,1
895621.6,214,37,1
79305.0,175,6,1
41308.94,268,51,1
21178.0,45,9,1
120788.0,240,42,1
13816.0,102,44,1
42840.0,143,60,1
403546.66,4098,2152,0
25192.0,175,60,1
186567.62,168,16,1
191160.0,772,514,1
21796.0,138,40,1
51405.0,101,17,1
62562.5,743,96,1
17229.95,216,31,0
125210.0,325,69,1
156284.05000000002,73,15,1
26740.0,81,22,1
108233.0,461,67,1
48492.0,84,20,1
154222.0,2093,288,1
24583.0,75,13,1
14069.0,144,19,0
100799.83000000002,188,94,1
509962.16,97,14,1
109975.14,835,106,0
44886.11,159,17,1
762790.45,2605,505,0
251124.0,1952,496,1
35780.05,71,26,1
12224.0,247,57,1
270305.88,2488,760,1
89320.0,93,19,1
28400.0,13,8,1
1596732.7300000002,3575,969,1
8350.0,16,7,1
59625.0,169,29,1
37725.0,127,17,1
14243.04,76,50,1
241615.0,458,48,1
354555.0,705,79,1
102482.92,703,460,0
66461.0,155,21,1
358573.8,517,150,1
20452.5,56,23,1
15088.0,148,32,1
50646.99,154,64,1
75780.0,139,16,1
151377.09,1599,165,1
26580.0,97,24,1
27280.0,190,83,1
531153.81,646,117,1
38271.0,93,25,1
256482.0,184,48,1
37176.0,68,7,1
19923.75,150,53,1
47940.0,306,74,1
103375.0,195,24,1
57034.0,380,360,1
567949.3,7329,1694,1
17341.0,27,2,1
143056.05,591,242,1
92130.0,40,25,1
119027.6,261,82,1
80375.0,545,280,0
409984.23,1121,468,1
41575.0,72,41,1
61389.99,751,348,1
149114.0,812,100,1
8802.0,217,50,1
117959.05,509,151,1
155557.0,1156,380,1
77095.0,502,71,1
46175.5,216,31,1
20140.1,194,110,1
2207577.5,6765,840,0
75676.39,41,6,1
691984.8,5513,466,1
59951.5,586,253,1
147704.3,1032,523,0
39512.0,589,139,0
80163.54000000001,310,62,1
133927.76,5003,734,1
58860.0,141,39,1
79699.0,656,42,1
61949.55,71,7,1
61165.0,116,23,1
12180.0,62,19,1
121880.0,176,43,1
36395.0,262,22,1
202433.6,738,208,1
13525.0,35,19,1
108583.9,109,31,0
43448.0,98,46,1
57789.33,2652,289,1
40360.65,24,6,1
55095.0,228,51,1
79634.0,1279,105,1
34232.0,74,21,1
24643.0,67,20,1
154230.42,153,28,1
14486.0,97,89,1
22408.0,74,37,1
170178.5,1176,770,1
54811.0,572,201,0
567532.0,877,118,1
47598.4,378,114,1
126226.5,961,289,1
12540.0,39,3,1
44889.8,309,55,0
399860.0,146,29,1
249697.30000000005,2294,346,1
72778.0,176,31,1
69396.0,500,103,1
134190.0,102,34,1
94654.85,284,51,1
192178.0,1324,267,1
138885.0,214,14,1
37808.0,130,36,1
133930.0,57,8,1
231730.55,1012,404,1
22885.0,46,15,1
55280.0,61,10,1
47964.0,119,24,1
137840.65,1616,590,1
21665.0,17,3,1
30676.8,106,32,0
171163.0,503,87,1
64524.0,161,44,1
68599.0,51,14,1
81486.43,111,7,1
35915.0,144,13,1
35540.0,149,10,0
123378.98,75,8,1
106611.0,528,27,1
65455.0,846,233,1
19464.0,90,32,1
167492.0,66,8,1
26511.5,124,82,1
27391.0,273,77,1
1596732.73,3575,969,0
83891.0,184,4,1
1156090.66,6040,3216,1
41779.0,217,45,1
13440.0,33,3,1
16255.0,56,3,1
134760.28,232,34,1
57598.0,161,68,1
32862.9,226,56,1
73857.3,152,45,1
19505.5,75,28,1
311458.61,1303,223,0
64929.83,401,114,1
21677.0,76,18,0
115865.52,1038,471,1
728316.65,4764,194,1
203472.1,2857,969,1
281920.9,602,227,1
339877.23000000004,303,78,1
84098.0,538,79,1
7624.0,70,43,1
371868.55,1612,413,1
37820.0,259,83,1
119237.5,54,7,1
1435207.2,4963,1683,1
389684.0,2186,1282,1
232630.0,423,72,1
193228.91,1271,159,1
51685.6,1220,129,1
195311.6,1168,161,1
4860.0,20,4,1
39840.0,271,17,1
866194.0,6920,4274,1
174570.0,150,25,1
59718.0,132,14,1
205448.0,792,43,1
38241.0,237,229,1
8750.0,70,7,1
39329.0,76,15,1
231686.0,80,26,1
258983.0,2297,148,1
27405.0,96,10,1
53800.0,46,7,1
58589.5,848,206,1
84846.0,1049,517,0
102575.0,89,22,1
582156.74,2771,717,1
141912.25,531,67,1
17035.0,157,13,1
270502.05,1346,204,1
41129.91,596,126,1
71303.0,200,66,1
70910.0,88,38,1
89038.0,457,145,1
90098.66,915,491,1
98693.0,1174,163,1
96408.98,216,29,1
85299.0,474,177,1
29860.0,55,25,1
25352.5,83,1,1
278719.9,917,206,1
20266.06,22,2,1
20590.5,198,82,1
23320.0,45,0,1
19700.0,151,27,1
19130.0,78,10,1
8346.73,37,3,0
2014631.88,2442,308,1
18482.0,47,35,1
1300579.6800000002,1192,128,0
139089.2,311,69,1
57771.09999999999,84,16,1
100452.0,135,23,1
44159.0,105,21,1
269365.0,341,69,1
34679.0,327,92,1
54625.95,217,205,1
34347.07,274,174,1
113811.75,389,112,1
131755.0,644,127,1
48740.0,144,42,1
810.0,9,1,1
66455.28,938,129,1
45410.0,56,18,1
95784.0,240,41,1
21865.75,48,2,1
18083.8,296,149,1
612732.7599999998,2544,202,1
61670.52,564,393,1
477435.55,198,46,1
13850.0,31,18,1
11137.0,33,6,1
280105.35,1160,228,1
42167.0,234,41,1
13850.0,43,1,0
89027.89,272,13,1
375071.5,318,67,1
40180.0,143,19,0
69714.0,163,24,1
51385.5,123,7,1
386863.7,1215,221,1
33325.0,280,142,1
23783.33,337,213,1
138129.15000000002,263,43,1
315026.0,3230,1050,1
187729.88,1590,517,1
91755.0,186,97,1
287885.0,738,126,1
250111.1,2214,1004,0
308400.0,2124,278,1
62199.5,507,61,0
174020.0,199,9,1
140076.0,1382,548,1
36122.0,324,276,0
86702.0,706,165,1
87547.0,161,26,1
12937.5,22,16,1
132604.5,32,16,1
23315.0,54,6,0
41024.8,375,43,1
712659.5,1094,138,1
114179.44,1238,1176,0
68886.43,589,371,1
31689.5,156,51,1
28244.0,73,11,1
80717.88,498,632,1
29821.0,137,98,1
52859.45,81,13,1
139705.0,82,27,1
66778.0,197,47,0
477169.29999999993,1508,210,1
55860.0,98,44,1
51774.28999999999,419,25,1
218864.0,13,2,1
38600.0,13,2,1
94040.1,35,5,1
12627.0,428,118,1
223778.0,1434,726,1
17345.0,120,40,1
18220.0,68,4,1
208440.0,546,38,1
126803.86000000002,1098,30,1
129555.36,108,34,1
122999.0,79,22,1
32528.0,1032,177,1
182847.0,793,463,1
17510.0,191,81,1
45898.0,404,136,1
221578.6,305,30,1
32321.0,570,135,1
77520.0,546,117,1
36950.0,108,26,1
765500.56,7304,1824,0
44682.3,672,109,1
63347.0,243,26,1
109944.0,895,747,1
22025.0,40,5,1
279319.93,605,41,1
46967.02,310,124,1
246005.49,740,98,1
259247.84,1835,190,1
221545.5,312,71,1
9950.0,35,16,1
18275.0,54,20,1
55546.0,453,124,1
22674.0,159,55,1
115108.08,917,214,1
230840.0,684,41,1
293199.0,1108,65,1
26955.0,268,122,0
50030.0,55,20,1
100457.5,116,11,1
100680.25,92,8,1
31772.0,69,7,1
28726.0,41,10,0
35597.0,87,6,1
407730.0,84,21,1
352406.0,3055,1214,1
65697.0,2346,166,1
33500.0,109,20,1
23298.3,102,24,1
51810.6,415,42,1
21075.5,42,2,1
98471.83,807,170,1
24705.0,227,12,1
284179.9,236,46,1
42950.35,26,5,1
47385.0,73,13,1
133280.55,618,187,1
214139.86,1936,386,1
85037.5,48,13,1
109434.0,366,40,0
425344.6,7928,1672,1
19783.0,165,60,1
248143.36,2355,1330,1
50113.0,207,57,1
15560.0,47,11,1
56479.89,580,191,1
93710.0,344,82,1
11775.0,37,10,1
160915.16999999998,141,9,1
123450.0,149,40,0
123308.0,520,190,1
12360.0,61,26,1
397577.55,746,57,1
61799.5,844,131,1
140890.0,132,49,1
75955.0,39,10,1
51680.4,159,48,1
31970.0,82,28,1
14011.0,51,14,1
38470.0,454,90,1
229208.0,972,132,0
156970.0,48,8,1
68700.0,170,30,1
58782.44,884,121,1
112499.85,468,112,1
555162.3200000001,4288,1824,1
167616.93,149,13,1
37023.31999999999,42,23,1
24571.64,419,72,1
133416.09,219,74,1
15704.11,138,60,1
54151.0,663,222,1
173220.0,358,18,1
19941.9,40,2,1
114725.0,752,170,1
2453798.0,3435,380,0
363527.0,580,230,0
113593.73,114,30,1
28114.0,330,22,1
25375.0,96,9,1
27940.0,35,9,1
65404.0,69,15,1
57440.0,174,25,1
61844.0,176,160,1
302457.48,1368,492,1
100056.02,162,4,1
86365.1,450,155,1
81217.8,287,28,1
215710.0,902,82,1
16932.0,179,234,1
154699.18,1325,446,1
180213.75,176,42,1
9307.0,158,34,1
81244.22,1235,312,1
93520.0,515,153,1
105626.0,1004,284,1
20326.0,24,15,1
1554238.34,416,82,0
6810.0,69,8,1
54376.0,42,5,1
210638.0,778,71,1
6587.0,129,22,1
35638.0,152,68,1
79181.5,168,33,1
27457.0,256,97,1
14226.0,72,37,1
73817.5,264,32,1
20919.5,291,34,1
215744.4,677,54,1
74682.0,585,77,0
178719.97999999998,1459,643,1
12470.0,39,4,1
33940.0,250,10,1
361660.0,205,63,1
102395.0,175,29,1
45300.95,113,18,1
334122.94,1876,173,1
38982.0,669,29,1
651730.46,3079,897,1
57547.1,328,524,1
508114.52,3858,1856,1
52940.0,96,14,1
248539.35,246,45,0
542376.56,5172,784,1
67080.0,748,260,1
36286.55,415,285,1
71460.0,188,29,1
128225.0,160,5,1
37550.0,99,11,1
54189.99,69,17,1
36087.92,187,9,1
10385.25,99,34,1
227690.0,93,25,1
103222.0,250,24,1
199121.0,1202,132,1
22273.0,214,69,1
43071.0,152,33,1
87156.9,1539,397,1
12760.55,38,5,1
129219.8,807,210,1
308340.0,2428,714,1
100020.0,228,28,1
174219.5,606,33,1
376763.0,1714,366,1
59811.2,76,15,1
159469.76,1403,522,1
94845.5,590,91,1
30640.0,100,13,1
24056.0,96,16,1
1204615.5,5520,534,1
151485.0,324,66,1
118744.80000000002,281,51,1
79027.0,569,172,1
20790.660000000003,13,1,1
39381.8,678,208,1
90695.0,138,34,1
61274.0,625,184,1
45209.0,370,111,1
97640.88,728,159,0
110480.6,2168,487,1
45209.0,72,10,1
194590.0,399,100,1
64187.99,132,8,0
218877.54,1480,175,1
9839.92,61,16,1
287502.5,672,182,1
65580.0,504,19,0
350204.0,7025,1294,1
35711.579999999994,116,18,1
79471.5,313,67,1
52440.0,140,12,1
109120.0,305,54,1
51765.55,191,58,1
50912.0,485,279,1
189251.0,223,27,1
9246.73,42,3,1
36042.0,559,143,0
41058.0,56,14,1
44376.0,156,31,1
330137.68,232,106,1
195465.32,519,50,1
22634.0,80,28,1
40204.0,209,43,1
11100.0,45,15,1
117546.0,793,279,1
164445.3,254,40,1
85480.09999999999,677,51,1
158719.5,535,39,1
50266.99,482,250,1
76557.0,233,19,0
106840.0,67,8,1
79991.62999999999,36,11,1
31315.0,211,68,1
118330.2,76,21,1
52459.28,246,78,0
198572.18,547,155,1
36085.0,224,20,1
16910.0,60,6,1
2151326.64,6993,1215,0
175481.8,3110,776,0
69621.0,476,192,1
88132.36,513,53,1
82014.8,197,24,1
208571.3,156,25,1
25983.0,146,27,1
109313.57,172,93,1
42776.0,252,18,1
16803.0,251,22,1
27680.0,37,24,1
66614.5,854,90,1
288562.96,323,68,1
233745.0,84,21,1
74700.0,178,85,1
17140.0,44,6,1
90981.35,193,62,1
476846.07,4597,430,1
43310.0,145,9,1
123784.85,380,116,1
10120.0,221,82,1
19729.0,41,5,1
73875.0,633,128,1
145456.4,620,90,1
14209.0,55,71,1
308400.0,2124,278,0
51611.0,105,26,0
69686.5,249,47,1
1314566.28,1168,112,0
75801.0,303,57,1
79107.81999999999,1051,80,1
25660.0,32,4,1
17988.0,111,124,1
386589.67,1028,154,1
181586.08,984,315,1
10375.0,41,15,1
211747.0,372,36,1
65416.55,1061,244,1
47180.0,59,4,1
96464.65,754,248,1
422153.55,560,114,1
68735.0,150,28,1
41571.0,508,226,1
33616.0,353,100,1
112055.25,73,4,1
46930.0,81,74,1
163194.59000000003,364,77,1
44746.0,120,11,1
44835.14000000001,169,68,1
99951.0,708,103,1
10210.0,27,25,1
65665.0,265,31,1
90779.01,482,83,0
11370.0,33,3,1
28685.12,29,2,1
39195.0,124,62,1
61870.0,38,14,1
53040.0,50,7,1
14720.0,52,4,1
2207577.5,6765,840,0
80416.56,362,46,1
24792.0,164,42,1
61844.0,176,160,1
156405.0,640,134,1
103825.47,1043,210,1
80630.0,181,47,1
29016.0,41,10,1
123061.8,1044,178,0
2207577.5,6765,840,0
34880.0,271,98,1
98347.31,105,10,1
93232.1,981,426,1
34809.0,107,27,1
50763.0,185,12,1
244111.89,303,71,1
205709.32,3714,218,0
133660.0,211,19,1
129884.0,399,92,0
12317.13,145,12,1
36754.0,53,9,1
39320.0,13,5,1
33521.0,111,15,1
69270.0,53,13,1
126810.16,79,16,0
153678.9,216,24,1
65876.5,345,47,0
26573.0,516,93,1
153945.0,230,60,1
274644.04000000004,279,30,0
34153.0,75,11,1
81482.0,258,80,0
82450.0,254,39,1
25911.0,255,220,1
48440.0,59,36,1
86549.44,685,118,1
195597.75,2901,514,1
35130.0,305,117,1
1597915.0,4490,426,1
139520.0,45,3,1
14380.0,192,63,1
25521.0,60,9,1
930145.0,5261,1819,1
52222.2,532,410,1
114052.99,584,116,1
1269540.0,780,174,0
241344.0,281,125,1
65852.5,89,25,1
324644.5,737,102,1
79268.3,645,142,1
12270.0,32,0,1
128610.0,624,151,1
972804.0,3358,448,1
81482.0,258,80,0
39709.0,89,13,1
217947.78,860,86,1
35810.0,152,50,1
57277.0,154,29,1
66735.0,164,46,1
48833.5,76,15,1
837660.55,503,94,1
40602.94,157,52,1
240029.0,947,284,1
114564.0,298,24,1
61230.0,419,214,1
233824.0,5138,848,1
86173.12,302,178,1
318402.0,1350,2352,0
18227.0,191,144,1
42895.0,52,5,1
23940.05,32,3,1
128950.0,151,41,1
12999.0,416,99,1
17629.0,199,128,1
20390.0,130,154,1
65850.0,227,140,1
10434.0,162,100,1
119940.0,351,144,1
22907.0,227,27,1
77540.43,51,10,1
114854.08,202,24,1
19095.5,132,18,1
74556.0,509,157,1
432049.44,1311,357,1
69922.2,405,44,1
33112.21,441,97,0
113022.0,378,42,0
24448.0,63,23,1
131980.04,1368,484,0
444182.06,4756,2610,1
77510.0,208,82,1
11850.0,92,15,1
152902.0,314,69,1
2404769.94,684,114,0
29150.0,82,0,1
41424.0,235,71,1
90243.0,972,65,1
2418627.7,9617,2281,1
31881.0,51,6,1
135961.0,750,655,1
177445.0,185,38,1
142718.0,1825,763,1
50080.0,90,19,1
38360.1,43,3,0
376763.0,1714,366,1
345088.98,519,164,1
162210.68,269,38,1
57125.1,452,186,1
22656.44,32,7,1
56705.0,579,98,1
21290.0,52,18,1
553860.0,1236,126,1
14080.0,69,43,1
1680998.4,16488,1072,0
34053.8,671,238,1
124527.5,2037,322,1
32720.0,86,8,1
46406.0,126,45,1
51904.25,174,12,1
17050.0,43,8,1
28958.0,34,12,1
715088.88,2314,405,1
17330.0,34,8,1
162499.35,1181,182,1
221070.0,1217,144,1
30420.0,267,170,1
12686.0,38,5,1
725928.0,1434,207,0
28609.84,352,24,1
74322.0,582,75,1
87068.28,112,18,1
10449.0,122,10,1
65003.0,628,30,1
73560.0,204,20,0
105947.0,261,44,1
12864.0,52,42,1
76408.0,465,228,1
92669.5,555,210,1
530150.0,3450,781,1
44970.0,85,7,0
18124.0,134,63,1
39643.0,448,40,1
564630.0,1138,70,0
61387.55,515,327,1
2014631.88,2442,308,1
56034.11000000001,324,49,1
636234.55,1908,230,1
28735.69,247,46,1
13563.5,184,51,1
127805.55,152,13,1
166015.0,103,32,1
57653.0,633,75,1
89391.0,1106,195,1
63603.19,309,38,1
228452.99,1097,46,1
170543.88,1283,341,0
21338.0,127,97,1
31704.0,296,117,0
30065.0,29,6,1
30012.0,165,97,0
103018.0,590,72,1
146932.0,361,51,1
36757.3,690,133,1
43314.0,327,134,1
73685.0,233,2,1
39698.45,238,43,1
27587.0,18,10,1
47656.68,569,394,0
100766.0,1064,153,1
2455888.0,3420,385,0
499412.36,143,60,1
190706.2,1312,178,1
931008.44,3521,604,1
522272.0,1962,203,1
1933750.0,403,144,1
1188586.9500000002,2959,302,1
98945.0,153,225,1
122300.0,208,42,1
35990.3,162,5,1
2502993.0,3440,370,0
12650.0,41,5,0
41396.0,473,94,1
22830.5,156,78,1
36325.0,122,13,1
214660.0,148,46,1
56920.0,37,10,1
367908.0,710,110,1
473813.55,1760,162,1
37718.0,158,28,0
92614.5,80,22,1
206683.99,1211,120,1
201488.35,678,62,1
190781.0,319,136,1
48810.0,78,17,0
81968.39,32,5,1
13329.0,143,60,1
40815.0,50,5,1
88588.0,206,16,1
189005.15,852,88,1
378914.22,1667,968,1
24180.0,31,12,1
26497.66,249,98,1
133735.0,285,78,1
123826.0,431,162,1
23662.0,324,62,1
921570.0,404,98,1
43287.5,84,13,1
15920.0,118,11,1
176892.99,246,31,1
31035.0,249,150,1
188411.6,1169,428,1
111090.0,273,30,1
93095.0,757,133,1
114261.0,563,78,1
69163.5,218,35,1
63961.75,312,53,1
149328.0,1199,418,1
77795.5,403,525,1
18276.0,68,16,1
762577.95,2605,490,0
113189.18,89,18,1
11435.0,180,21,1
13800.5,175,41,1
283799.96,741,152,1
138589.0,1035,634,1
11215.0,60,9,1
30047.0,72,8,1
16531.0,240,116,1
42615.0,102,17,1
52486.28,534,23,1
681835.7200000001,2945,284,0
177578.5,287,123,1
90965.0,276,65,1
160059.5,240,7,1
17292.45,218,50,1
134280.0,880,255,1
152727.74,87,20,0
28456.0,176,76,1
95928.9,646,113,1
288409.5,1521,128,0
91322.0,640,397,1
9440.4,56,13,1
32367.54,213,152,1
11150.0,90,23,1
10693.0,208,32,1
99226.0,119,14,1
35518.0,102,14,1
81584.5,418,65,1
9565.0,21,2,1
33080.05,70,26,0
51313.560000000005,207,27,1
72150.0,344,30,1
124637.5,387,61,1
151391.0,446,218,1
16210.0,105,27,1
384424.0,3174,733,1
1434632.0,2466,428,0
148703.5,270,224,1
135850.56000000003,335,62,0
116971.0,492,218,1
46080.0,130,6,1
12040.0,19,1,1
937997.16,962,208,1
43002.97,513,79,1
117910.0,384,72,0
108438.08,832,131,1
135940.0,290,70,0
85887.14,423,108,1
55198.0,151,15,1
51546.0,156,8,0
55020.0,442,213,1
671264.0,232,129,1
86508.7,388,32,1
36660.0,233,46,1
153945.0,230,60,1
73118.0,70,28,1
402760.0,413,112,1
22200.0,48,37,1
57491.6,193,19,1
343792.5,80,8,1
40990.0,140,12,1
134428.6,1060,406,1
24405.0,41,4,1
373141.53,2799,1070,0
141912.25,531,67,0
20795.0,121,33,1
15050.0,42,6,1
16560.13,147,27,0
72812.76000000001,310,40,1
37981.0,102,11,1
189904.31,3358,191,1
42776.0,252,18,1
48434.0,138,18,1
176952.0,2212,380,1
21455.0,232,198,1
34374.0,907,144,1
12865.0,54,19,1
33430.0,310,79,1
108837.39,452,141,1
15263.0,140,108,1
38450.0,33,9,1
15810.0,45,15,1
30098.0,93,3,1
54983.16,302,47,0
196762.16,1089,195,1
417902.0,3294,1489,1
134998.0,3322,342,1
23350.0,41,2,1
289806.6,278,58,1
50820.0,459,126,1
58850.0,153,40,1
30012.0,165,97,1
100215.0,167,33,1
65375.0,772,189,1
42030.0,313,90,1
10258.0,27,13,1
107572.76,795,348,1
14998.0,20,14,1
45416.67999999999,751,170,1
33750.0,71,9,1
40941.0,59,3,1
47616.4,258,64,1
26333.5,277,73,1
32180.0,148,34,0
56907.71,268,54,1
61303.5,1143,206,1
57977.8,729,110,1
182726.6,1568,211,1
622344.8,2694,147,1
38047.42,49,5,1
48651.0,329,64,1
22600.5,125,71,1
326084.48,302,58,1
71670.0,998,122,1
20571.0,41,4,1
148170.0,204,22,1
197627.0,36,11,1
177515.0,358,59,1
40520.0,286,18,1
15850.0,55,1,1
35150.15,203,30,1
317193.0,667,67,1
17010.0,37,10,1
11580.0,36,16,1
92162.63,351,117,1
30845.0,339,218,1
72180.65,608,195,1
39624.0,94,28,1
42795.0,315,214,1
26634.0,294,90,1
18730.0,79,34,1
180334.13,1742,163,1
104851.92,722,468,1
31561.54,229,17,1
81600.0,260,28,1
2151326.64,6993,1215,0
1312475.6800000002,1208,128,0
8917.0,71,44,1
260758.5,963,89,0
82119.0,133,27,1
6439.0,125,22,0
110791.0,1062,103,1
158513.0,194,12,1
136799.99,214,82,1
260234.0,1823,262,1
126409.7,1112,743,1
130366.2,229,14,1
26911.18,87,22,1
51744.5,47,21,1
175623.45,579,72,0
151226.0,1195,425,1
963855.28,3674,418,1
53961.0,474,54,0
10733.0,90,17,1
364120.0,1660,1022,1
10390.0,120,43,1
32512.22,74,32,1
167347.27999999997,946,26,1
49515.0,180,30,1
19718.0,160,21,1
48465.0,109,14,1
87973.29000000001,859,457,1
128040.04,398,27,1
368996.52,537,69,1
160571.0,380,66,1
421022.8,932,266,1
125344.08000000002,791,576,1
15577.0,453,69,1
824928.66,3091,326,1
473596.0,809,182,1
21832.0,591,126,1
90644.0,115,31,1
38526.0,94,7,1
39643.0,448,40,0
23580.0,44,6,1
23294.0,215,141,1
28892.68,295,83,1
279418.01,3312,918,1
202159.0,796,106,1
50357.46000000001,532,421,1
170657.71,82,32,1
12573.2,41,12,1
248431.09999999995,350,80,1
60787.0,283,46,1
33094.19,83,17,0
67915.5,377,48,1
61329.1,704,200,1
206581.54,1973,509,1
544270.0,3411,790,1
211191.5,2361,1009,1
158832.66,155,21,1
118745.0,192,19,1
80216.75,379,41,1
68920.0,125,12,1
82208.0,50,9,1
368713.03,906,215,1
52112.0,32,12,1
66249.5,131,12,1
8670.0,79,23,1
142959.0,111,24,1
153456.0,243,10,1
104938.4,103,10,1
974446.04,5164,1868,1
67180.0,200,95,1
63002.0,162,17,1
25626.0,125,64,1
135068.16,751,100,1
31063.5,66,19,1
17822.0,159,48,1
84145.0,48,0,0
125025.2,978,144,1
44866.0,259,200,1
125008.0,379,177,1
19842.0,67,10,1
38452.0,315,179,1
57074.0,450,378,1
90903.0,94,7,1
751828.06,5640,2158,1
26173.0,79,4,1
48916.0,108,14,0
26410.0,113,16,1
104406.0,403,83,1
94433.0,300,67,1
260592.68,1440,326,1
16762.0,46,16,1
3968077.0,14325,1110,0
29141.800000000003,339,203,1
9730.0,30,4,1
2477012.95,1001,148,1
569856.0,3210,150,0
765500.56,7304,1824,0
17826.0,21,13,0
352790.23,1012,343,1
1195707.0,5795,4010,0
429081.0,9174,1096,1
289268.91000000003,1106,207,1
509560.2,2786,830,1
68698.0,60,2,1
1165605.0,507,76,1
167380.0,434,112,1
19324.0,74,14,1
77597.84,170,169,1
25187.54,143,34,1
1195408.2,8158,905,1
24891.52,285,33,1
119038.06,999,289,1
30520.0,81,23,1
91960.94,701,219,1
364794.5,532,118,1
24710.0,58,13,1
130100.0,240,27,1
69541.0,282,60,1
16810.0,29,0,1
162349.84999999998,1336,107,1
21414.25,40,18,0
2207577.5,6765,840,0
27310.0,15,1,1
54300.76,217,13,1
92864.65,486,19,1
37535.0,95,6,1
28901.0,236,181,1
66405.3,1253,390,1
17040.0,217,109,1
141544.47,334,109,0
64570.44,41,35,1
19081.0,173,70,1
15045.0,27,3,1
15868.0,85,15,1
209651.0,34,7,1
162296.27999999997,113,10,1
33440.0,124,28,1
51956.8,149,11,1
103266.0,211,16,1
152634.5,188,22,1
12081.0,25,4,1
80249.95,164,65,1
144650.0,702,53,1
399159.51,821,71,1
60043.67,521,262,1
169254.75,197,38,1
29757.0,27,2,1
31895.0,152,30,1
27950.0,60,25,1
14705.0,44,5,1
172709.0,1510,610,1
121013.09,1046,241,1
28772.5,272,42,1
36070.0,74,10,1
11334.0,90,59,1
22259.0,81,61,1
103027.30000000002,948,248,1
431916.66,4492,2372,0
222143.2,1330,420,1
88868.5,60,5,0
73620.0,41,24,1
77428.0,487,407,1
52284.0,116,23,1
24039.6,29,18,1
62017.0,52,29,1
191286.0,306,36,0
60450.0,152,14,1
151498.94000000003,1635,524,1
80765.0,712,215,1
303139.0,479,80,1
26549.0,113,17,1
1681798.4,16560,1088,0
32990.0,149,21,1
15650.0,28,21,1
66021.93,1074,109,1
46096.45,452,198,1
80785.5,220,48,1
21641.0,285,40,1
62955.0,128,17,1
209258.0,67,17,1
98205.0,256,31,1
141756.1,363,43,1
24383.0,49,28,1
81020.0,241,21,1
46336.0,335,45,1
36395.0,69,25,1
190540.0,43,33,1
10144.0,58,69,1
12136.0,26,3,1
157930.09999999998,983,111,1
98800.0,25,19,1
186999.56,406,167,1
340326.15,1806,229,1
282076.7,322,54,1
11063.0,158,48,1
103310.0,677,150,1
76824.0,772,429,1
39435.0,195,28,1
33717.0,129,7,0
11867.6,59,11,1
43093.8,207,108,1
59290.0,80,10,1
114825.0,520,64,1
44920.0,52,74,1
45080.0,110,48,0
22596.5,139,10,1
12381.7,55,10,0
625521.5,652,127,1
18775.6,13,2,1
243874.04,251,27,1
13224.0,29,12,1
79024.0,1178,278,1
221861.2,1372,466,1
12675.9,25,4,1
667872.84,483,58,0
63211.66,473,81,1
138329.68,621,150,1
71202.0,214,39,1
41950.0,109,44,1
412190.0,257,55,1
422713.4,983,194,1
14190.0,129,115,0
88065.25,588,105,0
255872.95,315,67,0
12325.0,105,49,1
42687.0,440,56,1
1019815.2,6036,1884,0
73360.5,605,106,1
1684593.0,36,25,1
26776.61,233,75,1
76130.0,71,2,1
78636.0,402,74,0
19703.0,231,136,1
186186.0,300,36,0
198872.15,2122,740,0
177588.5,1089,542,1
22540.0,55,24,1
133585.5,3427,704,1
1360283.6800000002,1248,136,0
54375.0,146,22,1
54551.0,253,87,1
85312.1,270,77,1
215627.0,763,105,1
300882.97,1181,89,1
35785.0,525,73,0
57069.0,154,14,1
145600.0,284,194,1
69335.0,168,24,1
39493.54,268,57,1
547652.6799999999,482,75,1
210979.03,834,86,0
99284.0,1197,592,1
90240.0,103,24,1
260038.0,1968,326,1
94618.1,515,68,1
198041.0,1580,75,1
357822.44999999995,3511,376,1
22801.0,119,25,1
36918.5,321,114,1
54828.31,486,81,1
147744.57,1590,146,1
13390.0,43,22,1
1434632.0,2466,428,0
230396.85,1654,410,1
317620.8,3668,704,1
9895.0,57,9,1
1315810.25,3996,429,0
319610.94999999995,3003,472,1
327658.0,111,52,1
63490.0,985,132,1
245843.1,1264,388,1
10730.0,28,7,1
210700.0,543,78,1
164604.75,1189,183,1
34610.0,93,12,1
160399.94,324,88,1
40325.0,39,6,1
1713444.0,825,102,0
224004.0,3922,678,0
46470.0,130,47,1
12345.0,32,3,1
13350.0,33,12,1
26545.0,39,4,1
62270.45,404,74,1
57743.0,305,24,1
19223.0,129,17,1
35870.4,222,82,1
41979.0,13,0,1
253665.92,316,58,1
38425.0,125,38,1
48188.240000000005,337,153,1
15266.65,137,64,1
34250.09,296,21,1
262856.0,1024,207,1
143804.27000000002,788,283,1
22154.0,61,12,1
917452.58,953,204,1
15910.0,69,27,0
432531.0,736,138,1
174313.8,3078,794,0
40598.5,306,171,1
36330.0,84,12,1
13712.0,63,16,1
82345.0,890,112,1
47841.0,177,21,0
464742.04,3124,3374,1
108450.0,417,65,1
299424.0,2118,794,0
125833.0,97,17,1
297878.0,2094,828,0
70414.0,129,25,1
1986271.0,672,90,0
40419.16,439,298,1
311185.0,170,34,1
19643.0,51,4,1
26848.0,345,92,1
26796.0,93,19,1
1060081.07,2752,462,1
60137.0,142,23,1
61329.1,704,200,1
16202.0,186,101,1
65835.43000000001,68,15,1
68501.0,348,40,1
102158.0,673,82,1
225802.1,544,236,1
86082.69,161,56,1
17000.0,199,134,1
247912.9,385,33,0
23017.0,164,25,1
40211.04,315,266,1
66738.0,197,47,1
24432.0,49,14,1
91020.0,42,6,1
11733.0,41,7,1
15407.6,297,21,1
116387.5,499,257,1
12550.0,78,38,1
58641.55,128,26,1
129060.0,106,18,1
11113.0,92,10,0
79230.0,362,50,1
212074.0,1458,260,1
278561.0,351,66,1
75007.14000000001,495,176,1
166600.22,318,93,1
839953.0,1484,254,1
65889.0,205,47,1
35283.0,95,13,1
82850.0,150,12,1
109431.37,455,139,0
36579.21,311,188,1
3964829.0,14325,1105,0
156470.2,570,95,1
16135.5,197,133,1
30850.0,268,36,1
280607.2,776,179,1
70062.5,845,331,1
458815.5,2097,514,1
27913.5,209,38,1
41651.0,52,32,1
61854.5,624,105,1
31020.0,76,7,1
3984617.0,14395,1115,0
538002.8,4888,496,1
12293.0,29,6,1
38751.990000000005,165,111,1
185029.18,1566,928,1
91062.8,90,16,1
53200.0,129,31,1
182340.44,638,140,1
79554.08,99,21,0
479286.05,43,14,1
42149.0,82,10,1
295128.99,102,37,1
14140.0,31,10,1
30557.0,254,60,1
86585.75,135,32,1
13099.0,39,9,1
64630.0,640,240,1
21120.0,85,16,1
248789.86,64,5,1
25456.5,390,89,1
10482.0,22,10,1
29887.0,88,82,1
27000.0,146,28,1
72150.0,344,30,1
162939.38,53,8,1
31900.0,84,9,1
48610.0,149,119,1
58702.11,251,39,1
11358.0,179,29,1
16138.0,70,0,0
13656.5,114,110,1
97018.0,289,43,1
181532.55,966,481,1
23210.0,55,8,1
59876.5,404,150,1
15392.0,211,122,1
34000.0,258,38,1
302867.0,135,30,1
81176.0,59,14,1
70389.0,128,149,1
64251.2,492,139,1
54778.57000000001,525,323,1
258829.52,954,63,1
139520.0,45,3,0
19092.0,159,15,1
16624.5,122,10,1
534367.25,2667,641,1
144136.0,1290,356,1
170199.08000000002,1545,426,1
190364.0,1077,50,1
212540.0,938,223,1
25835.0,221,71,1
18946.0,24,2,1
48434.0,138,18,1
75747.0,100,22,0
6481.0,70,13,1
27574.15,37,6,1
19117.0,18,8,1
66886.9,1117,95,1
48955.0,308,35,1
10762.0,43,6,1
29500.0,78,27,1
201915.0,513,55,1
21165.0,12,0,1
54010.0,442,58,1
203770.0,122,15,1
25315.0,90,28,1
44029.5,420,151,1
847899.61,215,68,1
802583.9,3977,560,1
131323.89,324,112,1
52217.0,42,3,1
71113.0,174,47,1
33828.0,311,277,1
18530.0,222,64,1
864417.0,174,119,1
69100.0,144,6,1
50745.0,397,132,1
378310.2299999999,422,34,1
2587889.94,696,114,0
38107.0,202,54,1
1061788.88,3634,800,1
14069.0,144,19,1
105107.0,261,24,1
117186.57,749,336,1
181769.3,477,58,1
57845.0,152,95,1
76444.0,233,52,1
62854.0,338,80,1
62782.2,347,22,1
643660.5600000003,5564,3156,0
560578.1699999999,870,230,1
53164.0,108,33,1
1071577.13,4235,552,1
341725.0,192,38,1
45977.0,1081,262,1
209870.0,1074,304,0
33644.81,111,40,1
389695.49,5782,532,1
24094.0,525,98,1
2473508.1,532,152,1
88170.0,457,79,1
718608.0,2485,486,1
52601.0,146,65,1
575883.0,3102,144,0
172820.0,275,64,1
13960.0,63,12,1
75337.0,820,145,1
57159.05,1290,212,1
38575.0,259,11,1
1464775.1,1456,518,1
40091.0,451,129,1
426487.94,494,88,1
14887.5,53,10,1
111487.0,147,35,1
32840.0,28,10,1
17960.0,35,4,1
64962.0,272,76,1
180671.0,88,20,1
171621.05,980,703,1
16053.0,138,185,1
13738.0,76,26,1
17482.5,300,38,1
58585.0,39,4,1
26664.2,17,29,1
28538.0,478,115,1
59542.59,446,87,1
1156090.66,6040,3216,1
567638.26,2106,322,1
111540.2,695,294,1
33175.0,350,182,1
417587.68,1107,180,1
239206.36,664,28,1
227692.5,1003,164,0
132048.0,174,42,1
95036.1,621,235,1
191997.8,462,278,1
60110.0,109,24,1
238581.0,479,68,1
25444.0,260,116,1
22230.0,74,19,1
23152.0,163,50,1
56750.0,324,52,1
715130.0,5626,390,1
81600.0,260,28,1
40445.08,280,184,1
89262.89,467,35,1
220748.0,740,346,1
30894.5,66,5,1
52414.0,356,227,1
57547.1,328,524,1
23543.0,31,5,1
1250543.25,5935,4070,0
32305.0,472,180,1
154646.0,959,325,1
177545.36000000002,630,40,1
66345.0,87,13,1
88150.0,263,27,1
30167.15,248,202,1
40428.5,793,162,1
289358.85000000003,1260,145,1
66324.0,97,27,1
43613.99,220,29,1
155493.44,264,146,1
285024.6,89,8,1
84645.86,54,14,1
68820.0,135,17,1
48560.6,103,22,1
82840.0,565,280,0
185029.18,1566,928,1
167380.0,434,112,1
20620.0,587,78,1
58495.3,252,71,1
138820.0,290,76,0
21705.9,133,22,1
11655.0,124,58,1
19796.95,28,6,1
141940.59,25,14,1
71080.0,298,20,1
49478.0,37,20,1
471708.14,3127,549,1
91504.5,257,94,1
84495.09,831,388,1
34162.0,124,50,1
13185.0,109,19,1
8491.0,39,1,1
242053.14,117,20,0
765500.56,7304,1824,0
95265.0,231,100,1
80425.0,326,86,1
38460.0,88,7,1
191810.49,996,83,1
49796.0,113,84,1
119178.0,315,36,1
78700.84,353,75,1
20454.0,34,4,1
122032.0,229,57,1
26034.0,38,31,1
107466.98,37,20,1
24380.0,96,22,1
106156.0,778,577,1
113693.3,645,126,1
28532.0,149,13,1
192364.63,138,30,1
64123.90000000001,468,323,1
10165.0,62,35,1
77613.96,366,64,0
210284.25,714,156,0
22210.0,173,27,0
214164.0,1809,791,1
215132.09,2651,704,1
941992.0,2602,605,1
19864.0,354,149,1
31755.55,287,83,1
85917.0,830,82,1
244549.0,1072,449,1
145236.38999999998,791,810,1
59425.0,65,23,1
34000.0,258,38,1
762577.95,2605,490,0
196014.77,582,93,1
36704.0,28,2,1
10069449.45,14681,4340,1
25730.0,26,1,1
259010.0,320,18,0
515905.4,1884,208,1
51898.0,321,111,1
65023.05,508,154,1
149028.63999999998,264,33,1
43267.44,334,44,1
33706.649999999994,207,78,1
536356.5,2513,672,1
54823.4,411,104,1
76311.0,666,266,1
344820.0,1412,166,1
16660.14,88,66,1
45162.2,181,82,1
259353.0,2743,731,1
122472.37,637,304,1
24405.0,259,56,1
78905.1,65,6,0
661959.36,6128,1424,0
48113.0,1591,355,1
65623.0,143,37,1
111370.0,340,33,1
24592.99,138,19,1
23320.0,69,13,1
15247.0,130,48,1
18877.49,113,18,1
108061.0,138,7,0
99011.0,1009,328,1
86154.0,312,48,1
46569.0,665,83,1
147860.0,77,22,1
92175.0,824,220,1
83826.0,2620,328,1
136860.0,1405,429,1
40631.86,247,44,1
18042.85,109,14,1
42992.04,712,211,1
226838.0,23,17,1
86690.0,252,34,1
91668.25,674,153,1
24248.0,37,17,1
254575.0,847,280,1
282100.06,1692,590,1
145700.0,392,158,0
158878.1,779,160,1
27546.200000000004,177,95,1
23038.0,162,50,0
115427.0,1961,341,1
30015.2,174,55,1
13185.0,105,20,1
45824.0,421,235,1
73209.0,73,12,1
16115.5,50,7,1
103222.0,250,24,1
223014.0,3916,684,0
24362.0,116,14,1
48198.43,315,64,1
52075.0,50,4,1
49009.7,102,31,1
54258.0,129,34,1
32859.0,77,5,1
44950.0,167,50,1
83668.80000000002,703,63,1
54260.0,75,43,1
316309.0,742,86,1
138750.0,1088,182,1
83482.0,156,17,1
648259.7600000002,5632,3220,0
29110.0,33,9,1
44454.15,340,87,1
126164.0,1086,893,1
131538.0,190,18,1
44602.41,103,12,1
62786.5,495,104,1
68090.0,332,85,1
118289.7,1607,281,1
12125.0,36,3,1
154013.8,376,69,1
19139.56,280,55,1
80279.12999999999,281,80,1
215172.0,792,97,1
32124.0,374,82,0
156951.0,987,76,0
38329.0,873,130,1
167976.32,2048,310,1
473208.9,234,41,0
29976.0,127,23,1
37015.22,223,48,0
29141.16,234,142,1
66843.0,220,84,1
121197.0,1163,428,1
69620.0,182,52,1
19138.0,76,21,1
23918.0,169,82,1
480182.55,2322,304,1
117416.0,1160,392,1
35222.74,73,3,1
23662.0,324,62,1
81624.0,294,64,0
65812.25,224,51,1
241772.0,1751,563,1
214770.7,66,9,1
42379.0,401,147,1
31615.49,384,263,1
58189.100000000006,288,21,1
59127.5,950,180,1
48770.0,528,193,1
159405.0,254,80,1
115111.0,1206,91,1
211435.0,138,40,1
126442.97,1314,227,1
11793.0,26,4,1
26830.0,78,51,1
54696.0,428,198,1
15470.0,38,9,1
21473.0,53,2,1
270213.4,1385,414,1
136898.0,215,66,0
543450.0,1080,36,0
14652.5,63,18,1
14719.08,164,158,1
42305.0,373,74,1
169778.0,552,96,1
82020.0,14,3,1
9810.0,32,0,1
71173.0,476,286,1
72085.0,310,102,1
254013.65,1139,135,1
52764.7,690,241,1
954900.0,215,50,1
18014.0,289,60,1
11270.0,27,7,1
190956.0,2885,535,1
67346.65,131,84,1
423897.3,105,26,1
31015.0,84,19,1
71613.11,663,439,1
67395.0,67,7,1
84373.51000000001,557,308,1
22155.69,302,222,1
60524.0,178,35,1
40090.0,125,10,1
13950.0,49,4,0
54160.0,89,34,1
51380.0,170,28,1
72351.0,185,28,1
261202.63,714,72,1
12803.2,23,3,1
24030.0,45,2,1
99316.9,163,13,0
14930.0,109,35,0
1277943.25,5960,4260,0
68155.0,50,11,1
30210.67,250,60,1
15364.0,77,30,1
45080.0,110,48,0
157510.89,607,109,1
35870.0,45,6,1
1701982.4,16656,1096,0
712833.0,1419,204,0
48180.0,78,10,1
115367.25,263,44,1
723994.0,285,95,1
69472.0,414,236,1
149431.0,2046,166,0
15226.5,56,17,1
39263.0,356,152,1
15390.0,40,7,1
62755.0,661,94,0
9485.25,49,11,1
58762.42,52,55,1
351819.99,1271,239,1
235541.0,741,128,1
56064.0,163,49,1
157127.0,302,28,1
55740.0,116,12,1
50792.8,118,18,1
89846.94,84,4,1
47804.03,424,90,1
78900.0,186,45,1
306187.0,754,121,1
12204.55,115,97,1
206690.7,697,173,1
1981584.4,5846,722,1
661959.36,6128,1424,0
23390.0,55,13,1
61532.0,160,21,1
95153.0,618,236,1
22135.0,122,15,1
156526.54,479,69,1
186527.0,659,116,1
12234.0,79,37,1
123411.4,1293,92,1
30605.0,219,19,1
73239.5,201,21,1
655912.54,7428,1040,0
159442.0,328,180,1
14815.0,61,3,1
975174.99,763,93,0
312848.1,1743,663,1
1491321.84,406,82,0
24289.0,184,49,1
31565.2,68,3,1
682799.0,4876,2978,1
57718.0,84,1,1
166427.66,1060,521,1
94630.0,487,103,1
45689.0,112,7,1
273318.0,93,10,1
26335.0,201,71,1
64938.0,66,22,1
53385.0,138,14,1
165557.89999999997,1450,825,1
33207.5,45,2,1
7915.0,44,13,1
21527.55,94,23,1
138750.0,1088,182,1
44250.0,38,7,1
174336.55,379,48,1
145065.05,1248,273,1
190860.0,768,514,0
11915.0,92,12,1
21570.0,155,19,1
331840.0,626,36,0
71315.0,973,99,1
52192.62,545,137,1
13148.0,106,47,0
313544.9,456,88,1
868309.1,1706,140,0
169830.47,423,46,0
25318.28,304,86,1
95687.57,913,228,1
44120.93,240,39,1
22301.0,73,8,1
2222752.5,6830,800,0
57067.0,324,141,1
222334.19,1535,475,1
324739.5,715,59,1
124017.75,471,42,1
23270.08,143,18,1
13077.0,111,21,1
29820.0,42,15,1
115432.9,572,36,0
24290.0,65,23,1
20014.0,154,86,0
32048.0,52,34,1
354251.43,1823,736,0
660682.9,12304,1873,1
59425.87,464,66,0
26635.0,128,13,1
141767.55,1978,191,1
53078.5,625,219,1
25265.0,64,1,1
51803.01,404,385,1
123681.0,913,174,0
76150.0,365,52,1
385066.31,33,4,1
55729.55,93,27,1
34745.0,79,31,1
147498.0,302,32,1
66390.0,155,40,1
20122.0,50,38,1
23390.0,49,6,1
123228.97999999998,670,208,1
670102.5,554,101,1
121550.0,185,17,1
186186.0,300,36,0
191997.8,462,278,1
180109.76,1613,574,1
16677.0,19,8,1
43102.19,38,6,1
15643.55,29,2,1
456117.3,3808,2017,1
27062.0,95,12,1
42335.0,173,36,1
3964829.0,14325,1105,0
160399.94,324,88,1
24570.0,80,16,1
75533.59,328,57,1
30603.5,26,3,1
20840.0,55,22,1
36122.0,324,276,0
83439.0,870,106,1
30565.0,234,64,1
151285.0,36,5,1
34701.5,66,6,1
122486.6,138,14,1
50935.0,556,117,1
38952.0,95,14,1
54811.0,572,201,1
23395.0,274,18,0
10662.0,220,85,1
107396.4,316,22,1
331946.9,996,108,1
368347.93,726,59,1
21707.5,72,1,1
38070.0,187,32,1
54632.0,146,14,1
199787.2,614,41,1
14440.0,157,21,1
128692.0,29,3,1
20152.0,220,135,1
142052.0,434,55,1
18605.0,73,13,1
10630.0,24,3,1
28845.0,323,27,1
75368.0,545,98,1
181284.34,438,150,1
263979.71,1248,908,1
27850.5,80,9,1
254274.0,768,84,1
116810.0,840,200,1
161473.65,209,23,1
39519.0,137,43,0
93745.0,96,25,0
36489.78,36,4,1
43888.0,221,15,1
201698.0,231,26,1
95954.9,488,25,1
229061.25,1492,149,1
314554.5,1337,128,0
22625.06,40,1,0
16445.0,80,9,1
74837.0,509,140,1
25718.0,200,107,1
84001.0,349,50,1
480050.99,886,293,1
268923.9,574,130,1
210434.25,717,156,0
53923.08,383,183,1
139997.0,918,339,1
89117.0,516,299,1
1057648.99,846,100,1
62930.0,304,76,1
105462.0,483,47,0
1315810.25,3996,429,1
85940.0,306,36,1
10092.0,40,30,1
283928.5,1216,153,1
36282.72,215,220,1
29605.21,13,5,1
332880.0,220,38,1
334636.14,1777,278,1
563659.0200000001,1055,188,1
57074.0,450,378,1
22490.0,73,32,1
201190.15,2137,748,1
21877.0,217,55,1
122140.04,665,339,1
13960.0,63,12,0
85204.0,418,64,1
38972.0,186,13,1
61052.11,250,39,0
155668.51,1114,155,1
27391.0,273,77,0
17308.0,371,65,1
44843.40000000001,260,46,1
14780.0,49,6,1
21516.5,226,173,1
326328.84,1063,151,1
23735.0,250,36,1
177157.8,764,98,1
207947.3,735,76,1
16971.0,149,131,1
662231.6000000001,5800,3300,0
41810.0,180,5,1
61106.82,313,91,0
66564.0,534,169,1
37817.1,55,13,1
37524.5,385,101,1
101783.0,229,25,1
54340.0,69,4,1
161691.8,289,42,1
36413.22,218,48,1
222335.43,666,47,1
25156.5,332,216,1
75641.73999999999,13,4,1
27700.0,30,8,1
23315.0,37,2,1
128937.25,632,350,1
15395.0,33,5,1
622816.5800000001,1054,106,1
264783.74,230,23,1
38554.0,25,10,1
9275.0,37,2,1
30210.0,97,12,1
119716.5,348,140,1
98520.0,207,161,1
201192.52,3753,805,1
121566.0,126,37,1
122320.65,600,169,1
2285902.36,1572,530,1
174861.0,579,174,1
373500.0,1702,1035,0
52653.49,242,64,1
48623.0,550,136,1
151981.5,1049,246,1
359694.0,604,97,1
18205.0,84,62,1
77736.0,149,35,1
661363.9,1565,288,1
661959.36,6128,1424,0
82140.0,244,35,1
143352.68,116,11,1
72833.0,449,66,1
79229.0,127,12,1
105418.5,1253,329,1
421717.93,3055,938,1
118210.15,125,17,1
42450.0,106,18,1
239151.52,750,79,1
117082.0,220,21,1
8693.0,49,5,1
79825.0,540,260,0
1244340.0,771,171,0
66149.0,94,17,1
379825.62,1554,549,1
26992.0,273,27,1
261107.0,1807,593,1
57710.0,170,58,1
61979.78,337,42,1
23180.0,40,5,0
81846.0,312,81,1
185088.7,362,49,1
68948.7,300,16,1
62988.0,638,70,1
12720.0,28,14,1
18876.72,169,297,1
58199.7,161,44,1
87360.0,29,8,1
162753.37,90,4,1
93028.0,559,116,1
31661.0,186,18,1
719909.53,2678,1183,1
121919.49,979,333,1
84564.4,914,930,1
123808.0,522,190,0
187446.25,2000,476,1
348455.9,1533,231,1
80717.88,498,632,1
66990.0,75,23,1
41467.75,33,4,1
947077.2,3524,1290,1
185305.0,322,37,1
339433.5,2548,991,1
20008.67,62,0,1
34155.0,381,92,1
55222.21,228,88,0
26295.0,243,36,0
17466.15,141,185,1
75778.0,266,46,1
26395.0,64,13,1
158681.0,154,13,1
161534.6,424,61,1
81765.0,200,46,0
353257.4,3244,182,1
80375.0,545,280,0
44180.0,76,9,1
78905.1,65,6,1
47595.0,355,60,1
43220.0,147,20,1
411489.12,800,68,1
53572.0,152,19,1
14190.0,47,3,1
395191.39,93,24,1
66900.0,100,30,1
232976.84,254,26,1
305150.0,153,54,1
348362.0,513,43,1
40970.0,82,14,1
29987.0,189,11,1
43573.5,251,279,1
310862.0,1169,304,1
131980.04,1368,484,0
58985.75,24,2,1
22149.44,37,5,1
58765.0,246,43,1
101736.96,1190,709,1
114852.92,1236,1168,0
12160.4,108,32,1
173819.5,40,39,1
704825.36,4665,1334,1
43789.95,126,21,1
164873.0,186,28,1
352516.0,383,110,1
196260.95,740,60,1
23142.0,72,16,1
481627.4,242,41,1
17595.0,27,26,1
17668.0,329,42,1
236054.9,464,75,1
111873.0,324,121,1
48194.0,351,122,1
19720.0,29,7,1
38143.0,228,65,1
42270.0,232,21,1
128888.88,1054,954,1
216356.5,757,108,1
65709.7,180,22,1
23959.0,176,71,1
253353.0,1976,500,0
247910.0,231,75,1
388013.2,3104,1162,1
10005.0,34,30,1
29713.0,249,59,0
51600.0,49,7,1
279055.0,564,35,1
112006.0,456,55,1
497725.0,385,154,1
48957.8,221,22,1
301724.0,135,25,1
157670.0,476,84,0
263989.26,701,210,1
61970.55,637,49,1
28738.03,235,145,1
69250.67,185,50,1
34985.2,248,53,1
123800.0,80,16,1
34630.0,209,120,1
17720.0,27,38,1
59025.87,458,67,1
23490.0,196,23,1
18765.0,38,5,1
41455.0,55,15,1
58790.29,77,29,1
71113.0,174,47,0
112119.88,123,51,1
50415.0,47,13,1
1284832.54,7172,2360,1
69011.09999999999,2001,728,1
73007.18,67,3,1
113583.0,780,69,1
42760.0,130,7,1
104935.0,537,152,1
40602.94,157,52,0
135360.16999999998,745,161,1
1633694.4,16096,1048,0
110791.0,1062,103,0
21375.0,147,71,1
120830.54,920,557,1
52228.87999999999,84,15,1
92036.81,339,38,1
14953.8,165,54,1
238915.0,422,72,1
85652.5,853,104,1
16235.0,118,31,1
96686.51,80,25,1
121666.0,147,54,1
10446.0,142,60,1
69695.0,379,60,1
177760.5,336,40,0
51961.0,273,103,1
33152.5,452,137,1
47276.0,1224,197,1
47825.0,122,6,1
322894.92,1498,895,1
28258.5,223,89,1
22840.0,76,4,0
30026.76,17,0,1
73943.11,328,100,1
197926.0,1092,646,1
99572.0,222,20,1
655398.13,1870,205,1
80737.5,550,106,1
74200.0,69,12,1
39545.0,112,21,1
74516.0,787,259,1
648498.0,1740,174,1
124422.0,811,361,0
1061788.88,3634,800,1
66918.72,188,38,1
24970.0,225,61,1
191420.0,591,98,1
10336.0,125,12,1
70471.8,90,10,1
2151326.64,6993,1215,0
147092.0,235,37,1
10369.55,52,29,1
173645.22999999998,1146,178,0
340272.0,1395,477,1
40250.0,131,19,1
135234.0,772,209,1
162186.97,250,35,1
