buuid,txn_vol,accepted_txn,failed_txn,capital_granted
1484834667492-04ce1b02-9fc8-4e87-b164-dae5f5a06a0b,2455888.0,3420,385,0
1484834667492-04ce1b02-9fc8-4e87-b164-dae5f5a06a0b,2502993.0,3440,370,0
1484834667492-04ce1b02-9fc8-4e87-b164-dae5f5a06a0b,2453798.0,3435,380,0
1484834667492-04ce1b02-9fc8-4e87-b164-dae5f5a06a0b,2455888.0,3420,385,0
1484834667492-04ce1b02-9fc8-4e87-b164-dae5f5a06a0b,2455888.0,3420,385,0
1509109286074-0c36ba7d-023c-4694-85ec-3e0b6fdcacbc,762790.45,2605,505,0
1509109286074-0c36ba7d-023c-4694-85ec-3e0b6fdcacbc,762577.95,2605,490,0
1509109286074-0c36ba7d-023c-4694-85ec-3e0b6fdcacbc,762577.95,2605,490,0
1509109286074-0c36ba7d-023c-4694-85ec-3e0b6fdcacbc,762577.95,2605,490,0
1509109286074-0c36ba7d-023c-4694-85ec-3e0b6fdcacbc,762577.95,2605,490,0
1528872407651-d0238070-51a3-4f8c-8def-71767e9a403e,84086.8,201,57,0
1544155620645-a0a908a3-a68b-44b9-8a8a-0de96f725b25,74682.0,585,77,0
1551419277206-af393040-dd9d-4ab3-9601-a99aa2a9a649,89038.0,457,145,0
1555578241161-5c616fbf-e0e9-4e49-9d11-20b8ae40b432,1596732.73,3575,969,0
1547196667303-8de6d15c-4566-470e-8977-ca9be4262d05,62755.0,661,94,0
1560980106953-1fd4c500-e013-44cb-a663-fb904e9e1853,45080.0,110,48,0
1471606017532-76bd4dab-792e-4deb-8ad8-a6d44f5922c7,152727.74,87,20,0
1471869286358-fdc228c1-8fc1-4070-b9be-243aabd79909,248539.35,246,45,0
1471869286358-fdc228c1-8fc1-4070-b9be-243aabd79909,405718.5,330,44,0
1471869286358-fdc228c1-8fc1-4070-b9be-243aabd79909,271311.75,267,48,0
1489738068558-d548daca-303c-4b94-8a4d-d876d6336751,190860.0,768,514,0
1489738068558-d548daca-303c-4b94-8a4d-d876d6336751,373500.0,1702,1035,0
1512124108081-5d462775-53e2-4f4f-9ccf-15f4e0614a46,655912.54,7428,1040,0
1512124108081-5d462775-53e2-4f4f-9ccf-15f4e0614a46,655912.54,7428,1040,0
1551100453469-57c35973-7476-40e2-a848-30a2dd5d269b,224004.0,3922,678,0
1551100453469-57c35973-7476-40e2-a848-30a2dd5d269b,223014.0,3916,684,0
1553615597046-9b181488-e624-4307-8e0c-c647cad9663f,74774.0,509,140,0
1565602997815-f739ce46-abc4-4338-a042-3c8a98242807,2207577.5,6765,840,0
1565602997815-f739ce46-abc4-4338-a042-3c8a98242807,2207577.5,6765,840,0
1565602997815-f739ce46-abc4-4338-a042-3c8a98242807,2207577.5,6765,840,0
1565602997815-f739ce46-abc4-4338-a042-3c8a98242807,2207577.5,6765,840,0
1565602997815-f739ce46-abc4-4338-a042-3c8a98242807,2222752.5,6830,800,0
1574413743478-cbc74fdd-efe5-4a78-abbe-0cd59a0f0e5f,79107.82,1051,80,0
1479108360638-bf43ff5d-7e91-43c3-aeb5-f2fda4502650,975174.9899999999,763,93,0
1485330410128-537d8570-7e91-44bc-b54b-40e8be9b4643,1701982.4,16656,1096,0
1485330410128-537d8570-7e91-44bc-b54b-40e8be9b4643,1681798.4,16560,1088,0
1485330410128-537d8570-7e91-44bc-b54b-40e8be9b4643,1683126.4,16568,1072,0
1485330410128-537d8570-7e91-44bc-b54b-40e8be9b4643,1707206.4,16584,1152,0
1485330410128-537d8570-7e91-44bc-b54b-40e8be9b4643,1680998.4,16488,1072,0
1485330410128-537d8570-7e91-44bc-b54b-40e8be9b4643,1633694.4,16096,1048,0
1485330410128-537d8570-7e91-44bc-b54b-40e8be9b4643,1676638.4,16496,1080,0
1485330410128-537d8570-7e91-44bc-b54b-40e8be9b4643,1669310.4,16368,1048,0
1508242147176-601f2265-35ce-49ab-b372-e6f4bdec49db,156951.0,987,76,0
1517567512986-dd1b0795-47e6-4232-ac4c-4ec28749773e,229208.0,972,132,0
1512302249032-b4289826-1258-427b-be14-8cab04a14c26,51611.0,105,26,0
1543915907471-052079f7-ee80-4592-8582-e525e69753dd,272684.84,679,83,0
1561456066925-6b573d4e-07b6-4954-8404-7ef1d37e4ec9,88868.5,60,5,0
1571576108504-059a0264-c79e-4722-abed-3cb01abd38f0,26220.0,132,63,0
1570796428588-b82413a7-e0bc-4c05-a220-92e1d1a32f2b,22625.059999999998,40,1,0
1574767111221-ed344e8a-2375-4812-b2c2-856bda0d040e,97640.88,728,159,0
1474456872760-a5bb19ee-3efe-4890-a785-aafa38cadc8a,1060081.07,2752,462,0
1497430261259-c4f2549f-0eb9-4e77-8439-fb2033be2caa,68186.6,510,115,0
1502362170276-b94af44d-0d73-4818-b614-292dc65f299a,26435.0,79,23,0
1507368822213-d5ecea52-edc2-4a60-9032-efedc162f4a1,33380.0,101,49,0
1547725886131-57b948f4-f35e-4a89-9340-88bd1212237d,17229.95,216,31,0
1549369380501-4a76d419-be6c-4ff6-9705-5d2186f58fa4,255872.94999999998,315,67,0
1551779963382-7e02ed3f-95e2-4886-b601-cabad1c9e60d,23180.0,40,5,0
1564573777032-ec1f4743-af11-48ee-aa48-16ee3e724db2,44889.799999999996,309,55,0
1565868460341-a68d9079-2d50-4abc-aadd-e4a3897e0717,177760.5,336,40,0
1565868460341-a68d9079-2d50-4abc-aadd-e4a3897e0717,79866.0,190,46,0
1532008314048-9d580958-8614-4f4a-a8f4-23ee3e565b70,21735.0,43,17,0
1571473002958-76439d6b-a90b-4ec2-81fb-b788a3085537,237173.25,780,183,0
1571473002958-76439d6b-a90b-4ec2-81fb-b788a3085537,210284.25,714,156,0
1571473002958-76439d6b-a90b-4ec2-81fb-b788a3085537,210434.25,717,156,0
1575187818389-77a3c484-209d-4a09-9d07-65f0ef8d2cae,69285.0,106,23,0
1577890113823-7279469c-9405-456d-ad07-8b3f114b5a0e,352061.17000000004,99,18,0
1501776832244-78854f9f-65b6-4d54-b3c2-2892c0da2362,124422.0,811,361,0
1476287149812-67f30162-7183-4a55-b05e-a1cf39342124,34844.11,74,8,0
1539279493393-a679f971-0d0d-411c-8605-f794a486651a,301092.0,233,38,0
1550658890053-8878ee95-f2e4-49af-8a5c-360e6a26188b,210979.03,834,86,0
1570870577807-45df98b6-bbd9-48bd-bd31-6c822e1df005,127337.98999999999,96,21,0
1575006110009-4422f13e-bc51-4ca0-b035-97240434136e,28726.0,41,10,0
1574942256239-bc2aa261-d428-4353-a112-e0f351193700,296728.0,924,138,0
1574942256239-bc2aa261-d428-4353-a112-e0f351193700,296426.0,912,150,0
1576763068564-e25be0ca-55b6-41b5-9771-75f7110d18d0,79554.08,99,21,0
1578033574725-099132f6-7e24-459f-86e1-0b34b607e8b0,1236570.0,771,165,0
1578033574725-099132f6-7e24-459f-86e1-0b34b607e8b0,1244340.0,771,171,0
1578033574725-099132f6-7e24-459f-86e1-0b34b607e8b0,1269540.0,780,174,0
1581591062841-49173f13-cc8d-4608-9fe8-e3af1013219b,108583.9,109,31,0
1591188999854-da77ff0f-1770-42af-b210-ca5a208be11f,765500.56,7304,1824,0
1591188999854-da77ff0f-1770-42af-b210-ca5a208be11f,661959.36,6128,1424,0
1591188999854-da77ff0f-1770-42af-b210-ca5a208be11f,765500.56,7304,1824,0
1591188999854-da77ff0f-1770-42af-b210-ca5a208be11f,661959.36,6128,1424,0
1491195056982-bff0eed0-c3f4-4e0c-8cc3-339b1cac769e,84038.0,235,53,0
1553240453152-57268279-b346-415c-9f24-72d403ffc7e4,92580.0,41,25,0
1562086972262-853d30bf-52d0-46e0-b471-1b717a050a27,2589089.94,696,114,0
1562086972262-853d30bf-52d0-46e0-b471-1b717a050a27,2404769.94,684,114,0
1562086972262-853d30bf-52d0-46e0-b471-1b717a050a27,2404769.94,684,114,0
1562086972262-853d30bf-52d0-46e0-b471-1b717a050a27,2589089.94,696,114,0
1562086972262-853d30bf-52d0-46e0-b471-1b717a050a27,2587889.94,696,114,0
1562086972262-853d30bf-52d0-46e0-b471-1b717a050a27,2426369.94,690,114,0
1566550272160-93cba9f5-e3c9-44c7-80f2-d1077855695b,36042.0,559,143,0
1579147272986-ee58e4c0-16ce-48d1-b579-6b0dafa9ee2f,373141.52999999997,2799,1070,0
1579090622924-c53eb2f6-d145-4d38-bf15-50d7969387f5,175623.45,579,72,0
1580403662231-04676b95-888a-4b63-a9a7-74f1c23d03f5,78905.1,65,6,0
1582533813745-f64f36a2-8efb-4ca4-b492-0ffb2b88cefd,81624.0,294,64,0
1584028974569-c000587d-4126-4149-b234-341d04b50735,145700.0,392,158,0
1584088291949-94b92ebb-a45d-4fc7-9300-063756504f30,274644.04000000004,279,30,0
1584359884562-4995383c-0d1d-4c39-a4ca-d86e1325a0e0,16560.13,147,27,0
1592736443622-d75a5636-8af5-4baa-828d-a1626342fcdc,275080.0,515,83,0
1483547333199-ce963a9c-4662-443e-9d52-8a4291ceb81f,33360.0,152,18,0
1510659877007-51c26bb3-ce5d-406c-9c2c-d942970fa2f5,123681.0,913,174,0
1526029675245-27abb22b-94de-4a16-bac5-29289a9ece6e,78185.54,376,64,0
1526029675245-27abb22b-94de-4a16-bac5-29289a9ece6e,77613.96,366,64,0
1498144622675-cd9a0afc-2435-48d8-9199-c543c709d22b,136898.0,215,66,0
1571048789474-d419ea0c-0926-4673-8d74-1f66860870db,30015.2,174,55,0
1571246571363-80681c98-3c08-4b92-a609-d64068538b26,80466.0,309,81,0
1576389016603-8417d344-f941-4a67-ab9f-2da540e7208a,14240.0,26,6,0
1584127344675-bf382bff-4ce5-470a-98e4-dc8db83e03de,81482.0,258,80,0
1584127344675-bf382bff-4ce5-470a-98e4-dc8db83e03de,81482.0,258,80,0
1559749309028-6402be7e-4423-4a44-bad2-c67223989a85,1491321.84,406,82,0
1559749309028-6402be7e-4423-4a44-bad2-c67223989a85,1554238.34,416,82,0
1589961365391-2b9a3838-cfe4-494d-be95-264ca3b038e7,363760.83999999997,462,189,0
1595282121192-b716e908-9ff5-4e1c-a59b-fc495f57916f,186310.00000000003,1594,213,0
1595172261981-e52d1b9d-5f73-423a-9cf8-2ec40edcd165,52459.28,246,78,0
1596099472752-a0247d8f-c922-4438-be2d-5034be12da8f,88065.25,588,105,0
1598260387230-b0c5f7f9-85f7-4626-985f-dd3cca86f197,56969.0,586,339,0
1446720162513-27a5f622-458c-40f5-b2a0-7c24f44a3c21,55222.21,228,88,0
1473793042878-6349b827-eb85-4969-a3a8-9b3fdcb84203,21414.25,40,18,0
1503491920099-5eb65a5b-3c92-4e7b-b705-538a60cd5cc3,552150.0,1101,42,0
1503491920099-5eb65a5b-3c92-4e7b-b705-538a60cd5cc3,543450.0,1080,36,0
1503491920099-5eb65a5b-3c92-4e7b-b705-538a60cd5cc3,552150.0,1101,42,0
1538045133844-6b2c010e-e10d-45f9-9ac8-da417fcd4f49,357117.62,380,21,0
1554136026625-5032c2d3-5665-4eb5-8511-be1622581483,311458.61,1303,223,0
1561649164694-6705d60b-716d-4fdf-92d5-87a76d170060,47722.7,311,156,0
1578070189347-46a26fa5-f2ff-47a5-ac3c-b71cc054f2f8,354251.43,1823,736,0
1578918956457-d6904094-f207-4166-9420-f0ca1a275a87,132198.0,453,87,0
1578071147055-162335f1-b5d4-4641-8173-2a12c7c30520,32717.0,181,84,0
1588848041740-384c66c5-1448-4812-8d05-b38e3c99ebc0,100475.0,194,28,0
1591500802732-90d6f347-4736-46f4-adca-de4520293e2a,49196.0,191,29,0
1598947999844-23f5aeaa-caa1-4b4b-ad14-d4d9dc752ee4,232630.0,423,72,0
1603177181947-760777b2-7ac6-428a-8b4d-facb40e0037f,308400.0,2124,278,0
1603177181947-760777b2-7ac6-428a-8b4d-facb40e0037f,308400.0,2124,278,0
1537776497168-7927fc24-4d77-4d5a-b2ec-98602f920bf0,667872.84,483,58,0
1547072155388-6473e8ed-1a3f-45af-a8e1-97420b9aaf9f,71261.85,135,27,0
1552412048292-b1246b83-3799-4be1-ba45-6e041354db07,55979.0,940,178,0
1553192471810-40369f98-6533-4520-828c-7ca23266014e,67192.0,495,173,0
1556802952350-5f5a9b37-64c6-4dde-aab6-8fbe42ca70bd,65876.5,345,47,0
1574885425305-1557d695-5fc8-4077-a237-c5fa8fc0c32b,75747.0,100,22,0
1557397298991-b1aad3fd-3d95-4921-85d9-04a504c28606,1301383.55,6115,4510,0
1557397298991-b1aad3fd-3d95-4921-85d9-04a504c28606,1319898.55,6240,4540,0
1557397298991-b1aad3fd-3d95-4921-85d9-04a504c28606,1250543.25,5935,4070,0
1557397298991-b1aad3fd-3d95-4921-85d9-04a504c28606,1195707.0,5795,4010,0
1557397298991-b1aad3fd-3d95-4921-85d9-04a504c28606,1277943.25,5960,4260,0
1581633732665-416ca8f8-dc68-4567-be17-c6ed13609eb0,552992.44,481,272,0
1590499577377-4ed52176-0174-45f2-b265-49ed31d11aaf,903564.12,4262,434,0
1598380337291-820a2259-0974-412c-a375-339fcc55df67,14190.0,129,115,0
1604866643413-8080c541-532e-4f4d-a669-eafa2ec56373,105462.0,483,47,0
1605166815002-fb4120cc-b7f9-450a-8b41-76017111472d,110791.0,1062,103,0
1560980106953-1fd4c500-e013-44cb-a663-fb904e9e1853,45080.0,110,48,0
1497472885653-6d63ed48-c77e-479f-b686-173d77c83803,48810.0,78,17,0
1574753782569-9d027aaa-ea4c-4006-a310-b473eaf09bfe,123850.0,180,43,0
1575014881341-589a98e4-84c2-4fc3-86ad-134416c86877,117910.0,384,72,0
1575014881341-589a98e4-84c2-4fc3-86ad-134416c86877,157670.0,476,84,0
1593083234755-661be6ce-1b2b-4ab1-8e45-6749c58ccad8,14486.0,97,89,0
1594982148060-6f5415e0-ace0-4abb-af71-6b5bf41bf62b,331840.0,626,36,0
1594982148060-6f5415e0-ace0-4abb-af71-6b5bf41bf62b,331840.0,626,36,0
1598939031357-76ac0941-8e4c-4b16-9612-857516fdb422,35540.0,149,10,0
1601367687832-77fc24dd-a571-441c-afec-7a68922b5f0e,270300.67000000004,964,57,0
1581669839783-dd6eb860-eead-4e3e-8a19-159b25342443,1019815.2,6036,1884,0
1581669839783-dd6eb860-eead-4e3e-8a19-159b25342443,1024413.2,6056,1882,0
1499786536388-78153cc6-e385-476b-aaf4-3989e25bc143,227692.5,1003,164,0
1605537386718-c1e4b8c0-c167-47f8-941d-a3e7de332455,21677.0,76,18,0
1606244894944-ed2fc1e0-72f5-49cb-b331-3118026b3316,1167131.3,3768,468,0
1606244894944-ed2fc1e0-72f5-49cb-b331-3118026b3316,1176395.3000000003,3794,468,0
1520801970995-9956d864-e379-469b-9044-0851d2c7afc8,84145.0,48,0,0
1579300600479-2b273a28-75c3-4b62-84a2-302b0690ec75,30069.0,113,36,0
1581591996831-9061f05a-372d-496b-b5be-f8e805b392b3,26955.0,268,122,0
1586897559191-f97b47c8-b64c-4bf3-958c-c8620c23f989,260758.5,963,89,0
1591146828456-39cda131-8c48-4ed1-8cf9-d53d36f299dc,186186.0,300,36,0
1591146828456-39cda131-8c48-4ed1-8cf9-d53d36f299dc,191286.0,306,36,0
1591146828456-39cda131-8c48-4ed1-8cf9-d53d36f299dc,186186.0,300,36,0
1591146828456-39cda131-8c48-4ed1-8cf9-d53d36f299dc,191286.0,306,36,0
1591146828456-39cda131-8c48-4ed1-8cf9-d53d36f299dc,191286.0,306,36,0
1591146828456-39cda131-8c48-4ed1-8cf9-d53d36f299dc,191286.0,306,36,0
1592288774385-cad9392f-8933-4374-ba9f-8e5d01899299,39643.0,448,40,0
1598002265290-b9dcf210-1224-4833-8f4d-fc21757214b4,34382.0,119,17,0
1603903434921-c575c532-b033-410a-9de9-f2d7e18f8401,259010.0,320,18,0
1603903434921-c575c532-b033-410a-9de9-f2d7e18f8401,313110.0,378,24,0
1605686630461-94a8f9f9-7721-46f5-b4e9-4b65b408e7e5,147860.0,489,31,0
1606844409968-52d0cf22-ddf5-4407-972c-414cf9a96638,13950.0,49,4,0
1504518484351-230dcfed-815c-4363-b051-45e130cd9c1d,71113.0,174,47,0
1513849122969-936e9a7b-c1b1-48de-9dd4-f182284b859d,1292950.2999999998,5006,1354,0
1513849122969-936e9a7b-c1b1-48de-9dd4-f182284b859d,1292950.2999999998,5006,1354,0
1527233257004-13587f24-7c52-42fe-b08c-0dca6106e4e6,262820.0,197,31,0
1550138047147-210d6ec8-e4b1-49a1-afad-a1cceba5ed2f,312559.5,719,102,0
1568643569905-6e12b5ac-cfb8-431d-8aca-caa574fb5d34,64187.99,132,8,0
1570610804261-f84376e3-6bd3-4c1f-a4c8-8b63b6ec4b27,129435.0,222,18,0
1578390627124-52e01163-6e27-4e85-8468-51c7f8ee6e24,2151326.64,6993,1215,0
1578390627124-52e01163-6e27-4e85-8468-51c7f8ee6e24,2151326.64,6993,1215,0
1578390627124-52e01163-6e27-4e85-8468-51c7f8ee6e24,2151326.64,6993,1215,0
1582364338756-a3277867-fddc-48b3-8361-db0474c692a0,33080.05,70,26,0
1592738706633-e2f4498c-71bb-4500-b2e6-8ba844432a8d,1434632.0,2466,428,0
1592738706633-e2f4498c-71bb-4500-b2e6-8ba844432a8d,1434632.0,2466,428,0
1601270222743-4b9129e3-fbad-49a5-a536-aca523da26bc,47841.0,177,21,0
1601529711320-bfbae0e3-e21f-4f79-8f92-ffc3073bfcf8,14850.0,42,2,0
1588145636493-7f53adc5-0dfd-4a87-b23b-c9d315e10acf,84113.33,110,7,0
1478954518173-498e0512-7304-4e8e-93fb-0aa5eda99b5c,51546.0,156,8,0
1478954518173-498e0512-7304-4e8e-93fb-0aa5eda99b5c,51546.0,156,8,0
1496749819797-425dc084-d946-4b85-8635-be8a2295cc75,38952.0,95,14,0
1529666432640-e957ee4b-78bc-462b-ac88-74e1b45337ab,94850.0,49,10,0
1554474923734-7ba6b899-2bbd-468a-b56c-6b83125358f7,131980.04,1368,484,0
1554474923734-7ba6b899-2bbd-468a-b56c-6b83125358f7,131980.04,1368,484,0
1556345949340-f416e50d-f254-43ea-8d0d-ff8d6701e1e1,168362.93,70,10,0
1562706340143-9d8cd2e6-ba1f-415e-9430-c06ae86e6131,135850.56000000003,335,62,0
1575035333365-5ad1d99f-c8cf-4a4c-9d0e-484e941258d1,174313.8,3078,794,0
1575035333365-5ad1d99f-c8cf-4a4c-9d0e-484e941258d1,175481.8,3110,776,0
1581747840696-22e498e7-f2eb-4e15-9b20-8a400f37d916,66778.0,197,47,0
1598161007579-192f7c42-ffa1-4d2d-b189-e8c74380c7cf,280052.6,2524,1078,0
1598161007579-192f7c42-ffa1-4d2d-b189-e8c74380c7cf,250111.1,2214,1004,0
1602079725480-b17c6c01-1b82-4ffa-b5ae-9dced2eb16e7,23038.0,162,50,0
1606753055023-4d6a9e44-87ad-4a9c-badd-4c33f16fa177,53961.0,474,54,0
1608344118230-91220b19-a0ca-4ff5-8d56-0b2bc041d7c4,32180.0,148,34,0
1591188999854-da77ff0f-1770-42af-b210-ca5a208be11f,765500.56,7304,1824,0
1591188999854-da77ff0f-1770-42af-b210-ca5a208be11f,661959.36,6128,1424,0
1591188999854-da77ff0f-1770-42af-b210-ca5a208be11f,765500.56,7304,1824,0
1591188999854-da77ff0f-1770-42af-b210-ca5a208be11f,661959.36,6128,1424,0
1594741366016-a9b135c0-7f6a-41df-ac28-e6d548d367eb,61052.11,250,39,0
1595511590312-7a479a3e-8f60-4807-b3b9-64d6e280072b,40180.0,143,19,0
1596611120961-655c4d79-902b-40ce-957d-92a4feffccad,905057.8,1786,408,0
1596611120961-655c4d79-902b-40ce-957d-92a4feffccad,905057.8,1786,408,0
1606144092277-c75b353c-77c0-429a-bd35-0ab5da2e38a2,29852.0,167,32,0
1606306599883-71371bb8-12c1-4d48-93f1-a02eb20748d0,124778.5,284,43,0
1609326140116-5339aed6-b34d-4bee-a6df-c5d0989bc378,108061.0,138,7,0
1609943148307-bb37c0dc-0336-4477-bd56-f6f8e3090ebf,44970.0,85,7,0
1610643199088-595f1031-f269-453d-97e8-07ff3457155d,52745.58,485,63,0
1610813596953-6c39ff53-00f2-488e-a442-7ad6b8ecd6c2,8346.73,37,3,0
1614264451572-ec49f9e2-79e7-4a8f-98d6-fad971b43dcf,28884.74,188,54,0
1614856620057-f471070d-e5f8-4c95-a340-ae24324de3cd,70414.5,564,51,0
1475575761198-8694c56c-72c2-4277-81b6-fc350e030642,48916.0,108,14,0
1475575761198-8694c56c-72c2-4277-81b6-fc350e030642,50336.0,112,14,0
1474536195771-180abe91-5d55-4426-ba7a-76b5fec1a897,33717.0,129,7,0
1501680821448-190eeff4-b3d0-4674-9f69-3dc56692504b,65580.0,504,19,0
1505224680537-7903972e-3a59-42e1-83cb-485992adee13,149431.0,2046,166,0
1505216474210-01bf2eb5-2348-492c-a824-9f4a3c98d599,104896.23,439,34,0
1525870087639-557a6be1-10ac-4531-b7fe-a13ff3b7ff20,314554.5,1337,128,0
1583168571535-5ee243e2-83dd-423b-bad6-285f0f01a530,13860.0,79,6,0
1585509625445-9aec6212-a41b-4a35-97cb-b4d6b6f4e8ce,231045.3,2590,502,0
1588063384454-5e40e713-e2a5-40f6-9279-3dc5f6c091bf,54983.159999999996,302,47,0
1592750607430-7f256653-718d-47f9-8c0a-91d528e3e286,61106.82,313,91,0
1592839492894-3181a914-6a94-4452-84f2-93ca44252252,110400.0,102,8,0
1592839492894-3181a914-6a94-4452-84f2-93ca44252252,112120.0,104,8,0
1606402847444-7ea434b0-ed9c-4d13-a7a7-d2fa478cd6c1,14930.0,109,35,0
1612558869007-7a9a6c84-9a80-4e15-be44-682f1322208e,139520.0,45,3,0
1612899821718-8b2e0a93-b7d4-49e5-a9a4-77b7a7f3d0d9,126447.52,159,35,0
1596037113342-fb4f6470-9f49-4a3e-a877-7d4a8ea88985,40602.939999999995,157,52,0
1596315908073-443353a6-d409-4732-aee5-9f9a752dd8ee,39512.0,589,139,0
1600166381764-9d7679bc-5249-4248-af08-16e30dfa793d,33094.19,83,17,0
1601050622502-ece0abd5-6dfc-4176-a281-aa9af15dc858,1360283.6800000002,1248,136,0
1601050622502-ece0abd5-6dfc-4176-a281-aa9af15dc858,1300579.6800000002,1192,128,0
1601050622502-ece0abd5-6dfc-4176-a281-aa9af15dc858,1312475.6800000002,1208,128,0
1601050622502-ece0abd5-6dfc-4176-a281-aa9af15dc858,1314566.28,1168,112,0
1601327432887-f3c249ed-81ab-4102-a9f6-bb532d8ab21f,299424.0,2118,794,0
1601327432887-f3c249ed-81ab-4102-a9f6-bb532d8ab21f,297878.0,2094,828,0
1606215638997-18be5214-a8d8-4ee8-b2a5-ca0894bbc5ef,102482.92,703,460,0
1606908917123-5e4b76a5-45d7-48ea-a3a3-e2a0d11598c0,12650.0,41,5,0
1604388122620-9d3e35de-b776-42b8-91ab-1ef3155fab36,648259.7600000002,5632,3220,0
1604388122620-9d3e35de-b776-42b8-91ab-1ef3155fab36,656986.64,5736,3272,0
1604388122620-9d3e35de-b776-42b8-91ab-1ef3155fab36,662231.6000000001,5800,3300,0
1604388122620-9d3e35de-b776-42b8-91ab-1ef3155fab36,643660.5600000003,5564,3156,0
1615523891028-ef309e18-a768-4638-bc0d-be5c3dfed475,31704.0,296,117,0
1519891909281-e1f41725-6cd9-4371-8843-a8fa842329c4,74890.0,208,20,0
1519891909281-e1f41725-6cd9-4371-8843-a8fa842329c4,73560.0,204,20,0
1572023920337-786cc891-e3cf-4cd6-93bd-3e0069307088,81765.0,200,46,0
1586994324090-b7314e76-4c99-4584-9191-c7baf662be6e,114852.92,1236,1168,0
1586994324090-b7314e76-4c99-4584-9191-c7baf662be6e,114179.43999999999,1238,1176,0
1589298104786-b83d7fe1-35c5-43fb-b36d-94571c3a2e46,1178955.0,508,77,0
1594382883187-5c6850ac-2c20-4223-9c1f-51a653143866,15050.0,42,6,0
1599119486806-767cf3c2-9df2-4348-b3df-b13aad651126,21511.800000000003,51,6,0
1595996116117-c407419e-ebdc-4506-9362-805ad6cf0029,99316.9,163,13,0
1606399230017-25bfb619-6878-4663-9e95-47a5a5c60b80,6439.0,125,22,0
1608268241768-52863404-b5a6-4fe1-ab24-4fac6caeb6fa,575883.0,3102,144,0
1608268241768-52863404-b5a6-4fe1-ab24-4fac6caeb6fa,568203.0,3195,150,0
1608268241768-52863404-b5a6-4fe1-ab24-4fac6caeb6fa,569856.0,3210,150,0
1610391759728-4e2ab1cb-e0a4-4b0e-bfac-a5f3151d9395,23395.0,274,18,0
1613846766808-556442d8-38ee-4fce-9d37-297bae18707f,13850.0,43,1,0
1614211600887-2307ed7f-ae7a-4202-8533-31c9059c48ba,50725.5,136,58,0
1584986022737-cff53979-433b-438d-94b9-85fd8aa52180,681835.7200000001,2945,284,0
1589479493395-97c747a7-5c69-4762-a78d-1208fb9f998a,29713.0,249,59,0
1590134671750-e5309e09-a3a7-481a-bf7e-84c43769881d,141912.25,531,67,0
1556718420107-d4505298-37b0-4804-9f5e-c949164bf147,59952.5,234,43,0
1520416524678-16a3d281-ccda-41d3-8f98-19ff36bc54ca,37015.22,223,48,0
1603133688552-6384da6d-809f-46ce-87cc-90eb0518ed78,209870.0,1074,304,0
1603133688552-6384da6d-809f-46ce-87cc-90eb0518ed78,209870.0,1074,304,0
1604116078571-6f0dbd8a-d597-43de-9811-0f7f035885cc,37718.0,158,28,0
1605208717370-1ebca7f9-a58a-4e0b-8495-85c01ab85a41,1713444.0,825,102,0
1605208717370-1ebca7f9-a58a-4e0b-8495-85c01ab85a41,1986271.0,672,90,0
1605208717370-1ebca7f9-a58a-4e0b-8495-85c01ab85a41,1713444.0,825,102,0
1562332832905-5097413f-df4d-4d71-b67b-539853abf4aa,71745.0,309,103,0
1608219600940-a4207577-3395-4117-92b3-d870ec721416,35785.0,525,73,0
1614679086948-2335f0d2-5a1b-4206-b37f-a9d5cf9cd965,253353.0,1976,500,0
1614694496890-dfbe57fc-a9c9-419e-901a-85e8a7885c4e,12381.7,55,10,0
1615897063623-67b0842c-8adc-4879-8101-1f84e682507e,29932.0,174,63,0
1607424361966-803a9db8-f078-4427-bc4e-9eca2111fd95,3964829.0,14325,1105,0
1607424361966-803a9db8-f078-4427-bc4e-9eca2111fd95,3964829.0,14325,1105,0
1607424361966-803a9db8-f078-4427-bc4e-9eca2111fd95,3968077.0,14325,1110,0
1607424361966-803a9db8-f078-4427-bc4e-9eca2111fd95,3984617.0,14395,1115,0
1607424361966-803a9db8-f078-4427-bc4e-9eca2111fd95,3968077.0,14325,1110,0
1607683763662-8c294bba-90e6-4037-8fd2-b338f2532aa5,361524.5,525,114,0
1608703291161-343b015e-ae54-4d3f-bdab-34f43092a7ef,21233.0,46,2,0
1608795892701-376e49b6-d2eb-4800-bb04-6aedda0c10ae,431916.66000000003,4492,2372,0
1608795892701-376e49b6-d2eb-4800-bb04-6aedda0c10ae,403546.66000000003,4098,2152,0
1614946398071-8b1c355a-e218-4590-9e67-1d2414584215,135940.0,290,70,0
1614946398071-8b1c355a-e218-4590-9e67-1d2414584215,138820.0,290,76,0
1615208124818-7206300d-7b4c-4645-8f6e-be878a6d8951,126810.16,79,16,0
1615831777140-c5d8f0b3-8a9b-4cfc-a945-11a51dece42d,85315.5,115,32,0
1616436816840-22aa357a-aa32-4acf-a4e2-10bd48e5852c,17826.0,21,13,0
1619426002719-48b037cf-efaf-4d88-a714-dae9a896d8e5,725928.0,1434,207,0
1619426002719-48b037cf-efaf-4d88-a714-dae9a896d8e5,735333.0,1455,210,0
1604063541171-bf23040a-56b3-42dd-9b1b-4c055d25e69d,147704.3,1032,523,0
1605629141854-ae33a384-3e8d-4cec-b910-e2eab3e401eb,38360.1,43,3,0
1608777682408-c2950cce-fbf1-42c2-806c-4254981aa846,30676.8,106,32,0
1608777682408-c2950cce-fbf1-42c2-806c-4254981aa846,30676.8,106,32,0
1613743791949-831f4517-6159-4b83-a86b-348d692fcd15,169254.75,197,38,0
1613884966766-b176a958-5aa6-413a-bfbb-1ce6484784e6,62199.5,507,61,0
1614800510114-2a65984c-3933-43e4-acbc-35aeaa264a9a,363527.0,580,230,0
1614800510114-2a65984c-3933-43e4-acbc-35aeaa264a9a,363527.0,580,230,0
1616247368790-a6216b54-1436-42d8-8d08-4258748ebe5d,47639.0,296,126,0
1617280710337-a99376ab-fc4c-4ca0-a004-00a327a7b2a9,242053.14,117,20,0
1620797045140-9505ca57-9123-49f1-9621-7cb96f10494b,76629.5,289,64,0
1622107628875-5e01e6c3-4ecc-497e-9ca5-3511cc249430,24006.5,144,9,0
1622301451154-ebcc4697-1a31-44d9-bd8a-062b57c1d20f,169830.47,423,46,0
1623514095114-79ebbfe9-de97-4b9a-a9d0-eefd48782974,186744.0,188,43,0
1624993370672-bdb26b9e-de6d-4f83-b86b-ea2980d5ac25,10434.2,102,48,0
1626787151260-9cffe7ea-64fe-4055-b981-d3a9c3f14b58,109434.0,366,40,0
1615980831684-eb6869d7-d08a-4f32-a946-c6e0e27d55dd,247912.90000000002,385,33,0
1607514042503-1f5c28bd-30c4-4282-9030-25df12c239de,54811.0,572,201,0
1622882399181-e70a367f-78dd-4943-b1d8-65ac4f091761,80783.5,416,536,0
1624681767248-3d3c8ac0-f38c-4c08-81be-33af9dd731fe,158892.5,88,17,0
1625034264662-dd2a906c-c358-453e-ab81-0ceed7213588,26295.0,243,36,0
1627102202940-f65a33d6-f2cb-475e-bf8c-70e00a6a5aab,230914.7,1458,774,0
1617135765902-4609af92-4951-4347-a328-79a2f7e51647,65737.81,1509,278,0
1617983936374-f7c30788-fae4-4307-beb1-a81985ccaf16,191857.8,1292,226,0
1617983936374-f7c30788-fae4-4307-beb1-a81985ccaf16,123061.8,1044,178,0
1616071742963-57ffec1d-3732-4b9e-84f2-02744cc67f38,473208.9,234,41,0
1619196399376-fb6c4a49-6a2c-4ce9-850c-ccd0cae9e665,11889.0,104,28,0
1626890332639-79f45dde-2890-4a0c-9ffb-83088798d8e4,89278.0,345,153,0
1614856620057-f471070d-e5f8-4c95-a340-ae24324de3cd,64971.0,525,51,0
1614856620057-f471070d-e5f8-4c95-a340-ae24324de3cd,44109.0,384,42,0
1617785589795-4ea8a558-d714-4b44-8ef9-d06db8571c86,36087.92,187,9,0
1618927930223-3d4ede3f-8eea-4ee8-913a-39010c3897e8,26465.0,107,86,0
1620230682032-a6517973-efdd-427b-b519-188c8bc6df83,59425.869999999995,464,66,0
1620724829508-b4312c9e-5e03-49d3-8b9e-bf11636f0aab,1315810.25,3996,429,0
1626787151260-9cffe7ea-64fe-4055-b981-d3a9c3f14b58,113022.0,378,42,0
1627980605876-59c33abd-a58d-48ae-a139-f15f91a214d9,22210.0,173,27,0
1534224024621-48d2bddb-a0c0-4021-9512-f21f3b495d3b,82939.29000000001,805,434,0
1618864716001-dd45c37b-8695-4923-ab92-9d9bc46c38b4,52764.7,690,241,0
1620045517589-e5dea663-7af1-4249-8b2f-7ba09c708e23,115432.9,572,36,0
1623418475590-f887252a-7b9a-47e3-b9fe-63b26141f236,123450.0,149,40,0
1624366890594-40f2ee0d-8b5e-427c-9e8d-bead75e6feff,11113.0,92,10,0
1626768194358-6f5d7241-4931-4df0-99ce-f0674c355baf,109431.37,455,139,0
1619426002719-48b037cf-efaf-4d88-a714-dae9a896d8e5,712833.0,1419,204,0
1624533349577-7a44f42d-588a-4217-8ac2-e9ffffc1199c,47656.68,569,394,0
1629204142278-6833c181-f50b-4e7a-a799-9f8e113ac321,36059.0,403,100,0
1607104477200-3fedb207-1fab-4b71-9ef5-ade3b694b5b8,13374.85,33,5,0
1606852838518-14089193-7b63-4e18-bec3-dacba3c6d301,36122.0,324,276,0
1606852838518-14089193-7b63-4e18-bec3-dacba3c6d301,36122.0,324,276,0
1608657882638-34da292d-b246-4352-8700-3750af74f4e1,15910.0,69,27,0
1610560409103-2f697a42-0fff-4ddd-87e7-4d21594919a5,68920.0,125,12,0
1614940783691-4dc1f60b-a3ef-4a15-9f10-03015eb12b33,1985800.0,404,142,0
1616501877368-112fb449-fb08-4909-8403-a3c0e60c9c7c,170543.88,1283,341,0
1611066603832-21cf8954-f92e-4b02-89c3-e1aefafb78f5,154157.99,520,128,0
1617278828832-f56bdab4-e26e-44b5-b1ed-8ec1319c799a,216717.68,90,14,0
1617353005467-7f625356-d4b2-4179-9ef2-62e9cd63ae55,205709.32,3714,218,0
1617353005467-7f625356-d4b2-4179-9ef2-62e9cd63ae55,208179.28000000003,3746,220,0
1616762564889-e3fe009e-668d-4d19-be48-745510b9a8d3,72203.82,733,192,0
1619596147529-8dc6fe4d-57b1-47bc-9614-64cb0a905333,76557.0,233,19,0
1623408697182-f96a98fd-08d8-434f-b5f7-656ec5a39583,23315.0,54,6,0
1607328041837-f6e1a6b8-0cd8-4944-8308-5e70fdbf3460,123808.0,522,190,0
1609225159063-c5ef57c6-b630-4a20-b455-359abf5eeb9d,288409.5,1521,128,0
1614443245255-7bd5db22-e8e8-4962-8da3-8046fb6ee291,14069.0,144,19,0
1621202180552-ceb72c1f-78ff-42e0-af72-22dd4001d22a,109975.14000000001,835,106,0
1618676111897-61164bfe-8624-427b-8f80-22b463adcc31,13940.0,41,13,0
1624886344475-26f84142-0cf1-49b1-8f60-fbb51138299a,13960.0,63,12,0
1625316445399-001b0f80-cfc2-4320-b3a8-904e5414655c,79825.0,540,260,0
1625316445399-001b0f80-cfc2-4320-b3a8-904e5414655c,95575.0,645,300,0
1625316445399-001b0f80-cfc2-4320-b3a8-904e5414655c,82840.0,565,280,0
1625316445399-001b0f80-cfc2-4320-b3a8-904e5414655c,80375.0,545,280,0
1625316445399-001b0f80-cfc2-4320-b3a8-904e5414655c,80375.0,545,280,0
1626780136979-10e29abd-b36d-4578-a178-bb6618c101d2,196260.95,740,60,0
1616231397864-df7a3435-74d4-43e3-a7da-596ea6b1e667,198872.15,2122,740,0
1620222310201-148623cf-4c81-434f-819f-c15b385e9f6f,75430.0,48,5,0
1620911603748-25de737a-fc7b-458f-9c06-c2ce9b18ea0c,84846.0,1049,517,0
1624742624561-0382b78a-1b12-40da-a7b5-7a1d7e4388d7,30012.0,165,97,0
1624965760494-393844ec-3589-408e-ac9f-c20520e156a0,109788.0,324,49,0
1627308659262-0b6a5aca-cd4d-44d4-af55-75a1cd0a5dd8,21538.0,128,99,0
1608344118230-91220b19-a0ca-4ff5-8d56-0b2bc041d7c4,24680.0,140,26,0
1611834477147-033f6506-3767-4a67-8c6b-c54b95145a0b,93745.0,96,25,0
1607417548512-693e7286-1436-45ec-b7c0-e6c92ce83f38,239487.38999999996,737,99,0
1616780751875-13104da8-e007-4ad8-9330-eef83615d273,129884.0,399,92,0
1617124884706-9a12d090-219c-4142-b1f6-7fbde6fca746,39519.0,137,43,0
1626417743218-444e9984-1117-46a0-85df-87a454ce2cf5,52601.0,146,65,0
1627813884804-55c2f1f2-3e86-421b-b997-31523714a1ac,90779.01000000001,482,83,0
1605862209224-f9948586-fb13-4ee1-b30e-37fea7db5444,78636.0,402,74,0
1605862209224-f9948586-fb13-4ee1-b30e-37fea7db5444,77316.0,400,74,0
1606889051310-95206022-8197-4872-a136-032c381b2b44,564630.0,1138,70,0
1606889051310-95206022-8197-4872-a136-032c381b2b44,564630.0,1138,70,0
1612875502189-071f7d13-9385-4836-bce0-2d58040ca801,33112.21,441,97,0
1613234197112-567f98f0-bc7c-41e7-b770-1c8d6c30475b,16138.0,70,0,0
1606891336926-ff951efa-c70a-4ef1-9edd-a6013d5cf48f,27391.0,273,77,0
1627716477597-8c0b9490-3bfb-4dce-9e68-5873a6b7e858,984151.0,3301,585,0
1598956810701-5ba980b1-2a8e-4c82-b697-85a6800f4697,141544.47,334,109,0
1601374866641-ac09c6d6-f2af-42c3-9b1c-872e0d62015d,868309.1,1706,140,0
1601374866641-ac09c6d6-f2af-42c3-9b1c-872e0d62015d,868309.1,1706,140,0
1605640622472-e6015bcd-8b0f-458d-bf6e-4c3bbbe957ee,111617.5,883,250,0
1587552938317-53d765dd-235b-4e7f-b19f-50cebead47ae,32124.0,374,82,0
1610480766607-a68a1b2b-c144-4391-a356-1af188dda299,318402.0,1350,2352,0
1611953149392-ba17d06d-3794-455d-a7a4-98ea51ee3c92,22840.0,76,4,0
1616575208705-ee47147c-41f8-4cfc-821e-b1b42c9c6c56,13148.0,106,47,0
1617122540529-7d7b93c2-1735-46af-bbd5-a7fe00904f5c,77520.0,546,117,0
1622066064537-ad986e32-7de1-4504-9cb6-9c12393f0a79,173645.22999999998,1146,178,0
1616842408794-6a7e7172-44df-499f-bfa9-55c77463d6af,20014.0,154,86,0
1616842408794-6a7e7172-44df-499f-bfa9-55c77463d6af,20014.0,154,86,0
